Using pre-set license
Built from '2021.3/staging' branch; Version is '2021.3.24f1 (cf10dcf7010d) revision 13570268'; Using compiler version '192829333'; Build Type 'Release'
OS: 'Windows 11  (10.0.26100) 64bit Core' Language: 'en' Physical Memory: 32693 MB
BatchMode: 1, IsHumanControllingUs: 0, StartBugReporterOnCrash: 0, Is64bit: 1, IsPro: 1

COMMAND LINE ARGUMENTS:
C:\Program Files\Unity\Hub\Editor\2021.3.24f1\Editor\Unity.exe
-adb2
-batchMode
-noUpm
-name
AssetImportWorker4
-projectPath
E:/flappy/FlappyBird/flappy
-logFile
Logs/AssetImportWorker4.log
-srvPort
57828
Successfully changed project path to: E:/flappy/FlappyBird/flappy
E:/flappy/FlappyBird/flappy
[UnityMemory] Configuration Parameters - Can be set up in boot.config
    "memorysetup-bucket-allocator-granularity=16"
    "memorysetup-bucket-allocator-bucket-count=8"
    "memorysetup-bucket-allocator-block-size=33554432"
    "memorysetup-bucket-allocator-block-count=8"
    "memorysetup-main-allocator-block-size=16777216"
    "memorysetup-thread-allocator-block-size=16777216"
    "memorysetup-gfx-main-allocator-block-size=16777216"
    "memorysetup-gfx-thread-allocator-block-size=16777216"
    "memorysetup-cache-allocator-block-size=4194304"
    "memorysetup-typetree-allocator-block-size=2097152"
    "memorysetup-profiler-bucket-allocator-granularity=16"
    "memorysetup-profiler-bucket-allocator-bucket-count=8"
    "memorysetup-profiler-bucket-allocator-block-size=33554432"
    "memorysetup-profiler-bucket-allocator-block-count=8"
    "memorysetup-profiler-allocator-block-size=16777216"
    "memorysetup-profiler-editor-allocator-block-size=1048576"
    "memorysetup-temp-allocator-size-main=16777216"
    "memorysetup-job-temp-allocator-block-size=2097152"
    "memorysetup-job-temp-allocator-block-size-background=1048576"
    "memorysetup-job-temp-allocator-reduction-small-platforms=262144"
    "memorysetup-temp-allocator-size-background-worker=32768"
    "memorysetup-temp-allocator-size-job-worker=262144"
    "memorysetup-temp-allocator-size-preload-manager=33554432"
    "memorysetup-temp-allocator-size-nav-mesh-worker=65536"
    "memorysetup-temp-allocator-size-audio-worker=65536"
    "memorysetup-temp-allocator-size-cloud-worker=32768"
    "memorysetup-temp-allocator-size-gi-baking-worker=262144"
    "memorysetup-temp-allocator-size-gfx=262144"
Player connection [22640] Host "[IP] 192.168.56.1 [Port] 0 [Flags] 2 [Guid] 1268387351 [EditorId] 1268387351 [Version] 1048832 [Id] WindowsEditor(7,Alienware-Aurora-R7) [Debug] 1 [PackageName] WindowsEditor [ProjectName] Editor" joined multi-casting on [225.0.0.222:54997]...

Player connection [22640] Host "[IP] 192.168.56.1 [Port] 0 [Flags] 2 [Guid] 1268387351 [EditorId] 1268387351 [Version] 1048832 [Id] WindowsEditor(7,Alienware-Aurora-R7) [Debug] 1 [PackageName] WindowsEditor [ProjectName] Editor" joined alternative multi-casting on [225.0.0.222:34997]...

Refreshing native plugins compatible for Editor in 96.08 ms, found 3 plugins.
Preloading 0 native plugins for Editor in 0.00 ms.
Initialize engine version: 2021.3.24f1 (cf10dcf7010d)
[Subsystems] Discovering subsystems at path C:/Program Files/Unity/Hub/Editor/2021.3.24f1/Editor/Data/Resources/UnitySubsystems
[Subsystems] Discovering subsystems at path E:/flappy/FlappyBird/flappy/Assets
GfxDevice: creating device client; threaded=0; jobified=0
Direct3D:
    Version:  Direct3D 11.0 [level 11.1]
    Renderer: NVIDIA GeForce RTX 3060 (ID=0x2504)
    Vendor:   NVIDIA
    VRAM:     12115 MB
    Driver:   32.0.15.7680
Initialize mono
Mono path[0] = 'C:/Program Files/Unity/Hub/Editor/2021.3.24f1/Editor/Data/Managed'
Mono path[1] = 'C:/Program Files/Unity/Hub/Editor/2021.3.24f1/Editor/Data/MonoBleedingEdge/lib/mono/unityjit-win32'
Mono config path = 'C:/Program Files/Unity/Hub/Editor/2021.3.24f1/Editor/Data/MonoBleedingEdge/etc'
Using monoOptions --debugger-agent=transport=dt_socket,embedding=1,server=y,suspend=n,address=127.0.0.1:56016
Begin MonoManager ReloadAssembly
Registering precompiled unity dll's ...
Register platform support module: C:/Program Files/Unity/Hub/Editor/2021.3.24f1/Editor/Data/PlaybackEngines/WebGLSupport/UnityEditor.WebGL.Extensions.dll
Register platform support module: C:/Program Files/Unity/Hub/Editor/2021.3.24f1/Editor/Data/PlaybackEngines/WindowsStandaloneSupport/UnityEditor.WindowsStandalone.Extensions.dll
Registered in 0.009956 seconds.
Native extension for WindowsStandalone target not found
Native extension for WebGL target not found
Refreshing native plugins compatible for Editor in 92.91 ms, found 3 plugins.
Preloading 0 native plugins for Editor in 0.00 ms.
Mono: successfully reloaded assembly
- Completed reload, in  0.671 seconds
Domain Reload Profiling:
	ReloadAssembly (672ms)
		BeginReloadAssembly (95ms)
			ExecutionOrderSort (0ms)
			DisableScriptedObjects (0ms)
			BackupInstance (0ms)
			ReleaseScriptingObjects (0ms)
			CreateAndSetChildDomain (1ms)
		EndReloadAssembly (470ms)
			LoadAssemblies (92ms)
			RebuildTransferFunctionScriptingTraits (0ms)
			SetupTypeCache (104ms)
			ReleaseScriptCaches (0ms)
			RebuildScriptCaches (30ms)
			SetupLoadedEditorAssemblies (286ms)
				LogAssemblyErrors (0ms)
				InitializePlatformSupportModulesInManaged (9ms)
				SetLoadedEditorAssemblies (0ms)
				RefreshPlugins (93ms)
				BeforeProcessingInitializeOnLoad (1ms)
				ProcessInitializeOnLoadAttributes (138ms)
				ProcessInitializeOnLoadMethodAttributes (44ms)
				AfterProcessingInitializeOnLoad (0ms)
				EditorAssembliesLoaded (0ms)
			ExecutionOrderSort2 (0ms)
			AwakeInstancesAfterBackupRestoration (0ms)
Platform modules already initialized, skipping
Registering precompiled user dll's ...
Registered in 0.005404 seconds.
Begin MonoManager ReloadAssembly
Symbol file LoadedFromMemory doesn't match image E:\flappy\FlappyBird\flappy\Library\PackageCache\com.unity.visualscripting@1.8.0\Editor\VisualScripting.Core\Dependencies\YamlDotNet\Unity.VisualScripting.YamlDotNet.dll
Symbol file LoadedFromMemory doesn't match image E:\flappy\FlappyBird\flappy\Library\PackageCache\com.unity.visualscripting@1.8.0\Editor\VisualScripting.Core\Dependencies\DotNetZip\Unity.VisualScripting.IonicZip.dll
Native extension for WindowsStandalone target not found
Native extension for WebGL target not found
Refreshing native plugins compatible for Editor in 94.27 ms, found 3 plugins.
Preloading 0 native plugins for Editor in 0.00 ms.
Mono: successfully reloaded assembly
- Completed reload, in  1.306 seconds
Domain Reload Profiling:
	ReloadAssembly (1307ms)
		BeginReloadAssembly (121ms)
			ExecutionOrderSort (0ms)
			DisableScriptedObjects (5ms)
			BackupInstance (0ms)
			ReleaseScriptingObjects (0ms)
			CreateAndSetChildDomain (18ms)
		EndReloadAssembly (1077ms)
			LoadAssemblies (94ms)
			RebuildTransferFunctionScriptingTraits (0ms)
			SetupTypeCache (264ms)
			ReleaseScriptCaches (1ms)
			RebuildScriptCaches (57ms)
			SetupLoadedEditorAssemblies (639ms)
				LogAssemblyErrors (0ms)
				InitializePlatformSupportModulesInManaged (7ms)
				SetLoadedEditorAssemblies (0ms)
				RefreshPlugins (94ms)
				BeforeProcessingInitializeOnLoad (95ms)
				ProcessInitializeOnLoadAttributes (359ms)
				ProcessInitializeOnLoadMethodAttributes (73ms)
				AfterProcessingInitializeOnLoad (11ms)
				EditorAssembliesLoaded (0ms)
			ExecutionOrderSort2 (0ms)
			AwakeInstancesAfterBackupRestoration (7ms)
Platform modules already initialized, skipping
========================================================================
Worker process is ready to serve import requests
Launched and connected shader compiler UnityShaderCompiler.exe after 0.04 seconds
Refreshing native plugins compatible for Editor in 1.63 ms, found 3 plugins.
Preloading 0 native plugins for Editor in 0.00 ms.
Unloading 4808 Unused Serialized files (Serialized files now loaded: 0)
Unloading 31 unused Assets / (0.7 MB). Loaded Objects now: 5263.
Memory consumption went from 191.4 MB to 190.7 MB.
Total: 6.282900 ms (FindLiveObjects: 0.408600 ms CreateObjectMapping: 0.381700 ms MarkObjects: 5.107500 ms  DeleteObjects: 0.383300 ms)

AssetImportParameters requested are different than current active one (requested -> active):
  custom:video-decoder-ogg-theora: a1e56fd34408186e4bbccfd4996cb3dc -> 
  custom:container-muxer-webm: aa71ff27fc2769a1b78a27578f13a17b -> 
  custom:container-demuxer-webm: 4f35f7cbe854078d1ac9338744f61a02 -> 
  custom:video-encoder-webm-vp8: eb34c28f22e8b96e1ab97ce403110664 -> 
  custom:audio-encoder-webm-vorbis: bf7c407c2cedff20999df2af8eb42d56 -> 
  custom:framework-win-MediaFoundation: 216162199b28c13a410421893ffa2e32 -> 
  custom:container-demuxer-ogg: 62fdf1f143b41e24485cea50d1cbac27 -> 
  custom:video-decoder-webm-vp8: 9c59270c3fd7afecdb556c50c9e8de78 -> 
  custom:audio-decoder-ogg-vorbis: bf7c407c2cedff20999df2af8eb42d56 -> 
========================================================================
Received Import Request.
  Time since last request: 475698.475764 seconds.
  path: Assets/Assets/Brackeys/2D Mega Pack/Enemies
  artifactKey: Guid(92f04314ab1e01a4fae4487a854693e2) Importer(815301076,1909f56bfc062723c751e8b465ee728b)
Start importing Assets/Assets/Brackeys/2D Mega Pack/Enemies using Guid(92f04314ab1e01a4fae4487a854693e2) Importer(815301076,1909f56bfc062723c751e8b465ee728b)  -> (artifact id: '02d1613e5f4c26e660b6a7805010fd0f') in 0.024015 seconds 
========================================================================
Received Import Request.
  Time since last request: 0.000042 seconds.
  path: Assets/Assets/Brackeys/2D Mega Pack/Enemies/Canon.png
  artifactKey: Guid(8bfadec067237c04ab16144f6847e733) Importer(815301076,1909f56bfc062723c751e8b465ee728b)
Start importing Assets/Assets/Brackeys/2D Mega Pack/Enemies/Canon.png using Guid(8bfadec067237c04ab16144f6847e733) Importer(815301076,1909f56bfc062723c751e8b465ee728b)  -> (artifact id: '8e071fd2e103f9d0868c5cfd67082510') in 0.135016 seconds 
========================================================================
Received Import Request.
  Time since last request: 2.952020 seconds.
  path: Assets/Assets/Brackeys/2D Mega Pack/Enemies/Gothic
  artifactKey: Guid(2bd86c1f86be261418f7f4fa2d5d629c) Importer(815301076,1909f56bfc062723c751e8b465ee728b)
Start importing Assets/Assets/Brackeys/2D Mega Pack/Enemies/Gothic using Guid(2bd86c1f86be261418f7f4fa2d5d629c) Importer(815301076,1909f56bfc062723c751e8b465ee728b)  -> (artifact id: '870f1e8a99e7b42dec6fcc00881be71b') in 0.016317 seconds 
========================================================================
Received Import Request.
  Time since last request: 0.016494 seconds.
  path: Assets/Assets/Brackeys/2D Mega Pack/Enemies/Gothic/FireheadEnemy.png
  artifactKey: Guid(d0f0bb7b0aae47846a42f0be578f602f) Importer(815301076,1909f56bfc062723c751e8b465ee728b)
Start importing Assets/Assets/Brackeys/2D Mega Pack/Enemies/Gothic/FireheadEnemy.png using Guid(d0f0bb7b0aae47846a42f0be578f602f) Importer(815301076,1909f56bfc062723c751e8b465ee728b)  -> (artifact id: 'd1851b6b6c769783f075e8237e2d17b2') in 0.045621 seconds 
========================================================================
Received Import Request.
  Time since last request: 0.000028 seconds.
  path: Assets/Assets/Brackeys/2D Mega Pack/Enemies/Gothic/GothicEnemy03.png
  artifactKey: Guid(d064385dfce29934793208022539c6cd) Importer(815301076,1909f56bfc062723c751e8b465ee728b)
Start importing Assets/Assets/Brackeys/2D Mega Pack/Enemies/Gothic/GothicEnemy03.png using Guid(d064385dfce29934793208022539c6cd) Importer(815301076,1909f56bfc062723c751e8b465ee728b)  -> (artifact id: '86b2bb00db538dbb3562638c5686cdf5') in 0.029703 seconds 
========================================================================
Received Import Request.
  Time since last request: 2.801489 seconds.
  path: Assets/Assets/Brackeys/2D Mega Pack/Enemies/Insects
  artifactKey: Guid(b7fa61fe51b85374db4295ace9446ed6) Importer(815301076,1909f56bfc062723c751e8b465ee728b)
Start importing Assets/Assets/Brackeys/2D Mega Pack/Enemies/Insects using Guid(b7fa61fe51b85374db4295ace9446ed6) Importer(815301076,1909f56bfc062723c751e8b465ee728b)  -> (artifact id: '02cae36c23231be9b268707e291ba54f') in 0.015085 seconds 
========================================================================
Received Import Request.
  Time since last request: 0.019842 seconds.
  path: Assets/Assets/Brackeys/2D Mega Pack/Enemies/Insects/Beetle.png
  artifactKey: Guid(a50747b7090647445a1aa71f3aefd771) Importer(815301076,1909f56bfc062723c751e8b465ee728b)
Start importing Assets/Assets/Brackeys/2D Mega Pack/Enemies/Insects/Beetle.png using Guid(a50747b7090647445a1aa71f3aefd771) Importer(815301076,1909f56bfc062723c751e8b465ee728b)  -> (artifact id: '95ade2c1473f971ec74bc5ef3656071f') in 0.042799 seconds 
========================================================================
Received Import Request.
  Time since last request: 7.508133 seconds.
  path: Assets/Assets/Flappyassets fromvideo
  artifactKey: Guid(4567d4a261144ac489568c9169107267) Importer(815301076,1909f56bfc062723c751e8b465ee728b)
Start importing Assets/Assets/Flappyassets fromvideo using Guid(4567d4a261144ac489568c9169107267) Importer(815301076,1909f56bfc062723c751e8b465ee728b)  -> (artifact id: '7ba15c77a7f17da3faf43294d87115c6') in 0.013622 seconds 
========================================================================
Received Import Request.
  Time since last request: 0.040017 seconds.
  path: Assets/Assets/Flappyassets fromvideo/unitytut-birdbody 1.png
  artifactKey: Guid(0df327eb6581b6f4fa6a1eddf67020b3) Importer(815301076,1909f56bfc062723c751e8b465ee728b)
Start importing Assets/Assets/Flappyassets fromvideo/unitytut-birdbody 1.png using Guid(0df327eb6581b6f4fa6a1eddf67020b3) Importer(815301076,1909f56bfc062723c751e8b465ee728b)  -> (artifact id: '53d255639fac3b1a6b64857f44059db2') in 0.056922 seconds 
========================================================================
Received Import Request.
  Time since last request: 0.000026 seconds.
  path: Assets/Assets/Flappyassets fromvideo/unitytut-birdwingup.png
  artifactKey: Guid(2e4cdb3a1cf4d6f498bce21c1e776f8d) Importer(815301076,1909f56bfc062723c751e8b465ee728b)
Start importing Assets/Assets/Flappyassets fromvideo/unitytut-birdwingup.png using Guid(2e4cdb3a1cf4d6f498bce21c1e776f8d) Importer(815301076,1909f56bfc062723c751e8b465ee728b)  -> (artifact id: '96786f7061430a524674e685cf370fc1') in 0.033694 seconds 
========================================================================
Received Import Request.
  Time since last request: 3.640469 seconds.
  path: Assets/Assets/Game_music
  artifactKey: Guid(60499937da4814c449264f09d8848f3b) Importer(815301076,1909f56bfc062723c751e8b465ee728b)
Start importing Assets/Assets/Game_music using Guid(60499937da4814c449264f09d8848f3b) Importer(815301076,1909f56bfc062723c751e8b465ee728b)  -> (artifact id: 'b58115a66537cbf5419e5950d7436bfe') in 0.008850 seconds 
========================================================================
Received Import Request.
  Time since last request: 0.510710 seconds.
  path: Assets/Assets/ImpactSounds
  artifactKey: Guid(738a5f784eb178443a2c9c31b5ecdc45) Importer(815301076,1909f56bfc062723c751e8b465ee728b)
Start importing Assets/Assets/ImpactSounds using Guid(738a5f784eb178443a2c9c31b5ecdc45) Importer(815301076,1909f56bfc062723c751e8b465ee728b)  -> (artifact id: '98ad4a503ef5af757f94c70d52fd31cc') in 0.008417 seconds 
========================================================================
Received Import Request.
  Time since last request: 8.586739 seconds.
  path: Assets/Assets/Pixel Adventure 2/Assets/Enemies/Chicken
  artifactKey: Guid(e2aaa04595944034cbe70f5697e660ae) Importer(815301076,1909f56bfc062723c751e8b465ee728b)
Start importing Assets/Assets/Pixel Adventure 2/Assets/Enemies/Chicken using Guid(e2aaa04595944034cbe70f5697e660ae) Importer(815301076,1909f56bfc062723c751e8b465ee728b)  -> (artifact id: '3990d83b4a6e680120e530718025d880') in 0.011725 seconds 
========================================================================
Received Import Request.
  Time since last request: 0.029942 seconds.
  path: Assets/Assets/Pixel Adventure 2/Assets/Enemies/Chicken/Hit (32x34).png
  artifactKey: Guid(23316aba36e680643b65700c107f2b36) Importer(815301076,1909f56bfc062723c751e8b465ee728b)
Start importing Assets/Assets/Pixel Adventure 2/Assets/Enemies/Chicken/Hit (32x34).png using Guid(23316aba36e680643b65700c107f2b36) Importer(815301076,1909f56bfc062723c751e8b465ee728b)  -> (artifact id: 'c3ab8f1829bf832aa6366b83a68f1411') in 0.033863 seconds 
========================================================================
Received Prepare
Registering precompiled user dll's ...
Registered in 0.005939 seconds.
Begin MonoManager ReloadAssembly
Symbol file LoadedFromMemory doesn't match image E:\flappy\FlappyBird\flappy\Library\PackageCache\com.unity.visualscripting@1.8.0\Editor\VisualScripting.Core\Dependencies\YamlDotNet\Unity.VisualScripting.YamlDotNet.dll
Symbol file LoadedFromMemory doesn't match image E:\flappy\FlappyBird\flappy\Library\PackageCache\com.unity.visualscripting@1.8.0\Editor\VisualScripting.Core\Dependencies\DotNetZip\Unity.VisualScripting.IonicZip.dll
Native extension for WindowsStandalone target not found
Native extension for WebGL target not found
Refreshing native plugins compatible for Editor in 0.95 ms, found 3 plugins.
Preloading 0 native plugins for Editor in 0.00 ms.
Mono: successfully reloaded assembly
- Completed reload, in  1.349 seconds
Domain Reload Profiling:
	ReloadAssembly (1350ms)
		BeginReloadAssembly (151ms)
			ExecutionOrderSort (0ms)
			DisableScriptedObjects (4ms)
			BackupInstance (0ms)
			ReleaseScriptingObjects (0ms)
			CreateAndSetChildDomain (40ms)
		EndReloadAssembly (1082ms)
			LoadAssemblies (104ms)
			RebuildTransferFunctionScriptingTraits (0ms)
			SetupTypeCache (269ms)
			ReleaseScriptCaches (2ms)
			RebuildScriptCaches (66ms)
			SetupLoadedEditorAssemblies (602ms)
				LogAssemblyErrors (0ms)
				InitializePlatformSupportModulesInManaged (9ms)
				SetLoadedEditorAssemblies (1ms)
				RefreshPlugins (1ms)
				BeforeProcessingInitializeOnLoad (93ms)
				ProcessInitializeOnLoadAttributes (388ms)
				ProcessInitializeOnLoadMethodAttributes (93ms)
				AfterProcessingInitializeOnLoad (17ms)
				EditorAssembliesLoaded (0ms)
			ExecutionOrderSort2 (0ms)
			AwakeInstancesAfterBackupRestoration (11ms)
Platform modules already initialized, skipping
Refreshing native plugins compatible for Editor in 3.66 ms, found 3 plugins.
Preloading 0 native plugins for Editor in 0.00 ms.
Unloading 4719 Unused Serialized files (Serialized files now loaded: 0)
Unloading 25 unused Assets / (0.7 MB). Loaded Objects now: 5287.
Memory consumption went from 186.8 MB to 186.1 MB.
Total: 6.440200 ms (FindLiveObjects: 0.539900 ms CreateObjectMapping: 0.459300 ms MarkObjects: 5.014100 ms  DeleteObjects: 0.425600 ms)

AssetImportParameters requested are different than current active one (requested -> active):
  custom:video-decoder-ogg-theora: a1e56fd34408186e4bbccfd4996cb3dc -> 
  custom:container-muxer-webm: aa71ff27fc2769a1b78a27578f13a17b -> 
  custom:container-demuxer-webm: 4f35f7cbe854078d1ac9338744f61a02 -> 
  custom:video-encoder-webm-vp8: eb34c28f22e8b96e1ab97ce403110664 -> 
  custom:audio-encoder-webm-vorbis: bf7c407c2cedff20999df2af8eb42d56 -> 
  custom:framework-win-MediaFoundation: 216162199b28c13a410421893ffa2e32 -> 
  custom:container-demuxer-ogg: 62fdf1f143b41e24485cea50d1cbac27 -> 
  custom:video-decoder-webm-vp8: 9c59270c3fd7afecdb556c50c9e8de78 -> 
  custom:audio-decoder-ogg-vorbis: bf7c407c2cedff20999df2af8eb42d56 -> 
========================================================================
Received Import Request.
  Time since last request: 37.151028 seconds.
  path: Assets/Characters/Fred.prefab
  artifactKey: Guid(30dcbec3fbbf2cf4682235f8b89c71d6) Importer(815301076,1909f56bfc062723c751e8b465ee728b)
Start importing Assets/Characters/Fred.prefab using Guid(30dcbec3fbbf2cf4682235f8b89c71d6) Importer(815301076,1909f56bfc062723c751e8b465ee728b)  -> (artifact id: '9d6a1d02e741ee0ccce88fca041e8cb0') in 0.069419 seconds 
========================================================================
Received Import Request.
  Time since last request: 13.775580 seconds.
  path: Assets/Characters/NewCharacter.asset
  artifactKey: Guid(9c7621a1bd3a2ff439f55f8bf1680594) Importer(815301076,1909f56bfc062723c751e8b465ee728b)
Start importing Assets/Characters/NewCharacter.asset using Guid(9c7621a1bd3a2ff439f55f8bf1680594) Importer(815301076,1909f56bfc062723c751e8b465ee728b)  -> (artifact id: 'bcd9e451e0179c47537c84421885f63a') in 0.011521 seconds 
========================================================================
Received Import Request.
  Time since last request: 3.958406 seconds.
  path: Assets/Characters/NewCharacter.asset
  artifactKey: Guid(9c7621a1bd3a2ff439f55f8bf1680594) Importer(815301076,1909f56bfc062723c751e8b465ee728b)
Start importing Assets/Characters/NewCharacter.asset using Guid(9c7621a1bd3a2ff439f55f8bf1680594) Importer(815301076,1909f56bfc062723c751e8b465ee728b)  -> (artifact id: '4b94b917958451d3c41763b53b91c992') in 0.002736 seconds 
========================================================================
Received Import Request.
  Time since last request: 4.491392 seconds.
  path: Assets/Characters/NewCharacter.asset
  artifactKey: Guid(9c7621a1bd3a2ff439f55f8bf1680594) Importer(815301076,1909f56bfc062723c751e8b465ee728b)
Start importing Assets/Characters/NewCharacter.asset using Guid(9c7621a1bd3a2ff439f55f8bf1680594) Importer(815301076,1909f56bfc062723c751e8b465ee728b)  -> (artifact id: 'fe9712f2ab675830b4a88615e0a14266') in 0.003242 seconds 
========================================================================
Received Import Request.
  Time since last request: 53.784832 seconds.
  path: Assets/Characters/Fred.asset
  artifactKey: Guid(9c7621a1bd3a2ff439f55f8bf1680594) Importer(815301076,1909f56bfc062723c751e8b465ee728b)
Start importing Assets/Characters/Fred.asset using Guid(9c7621a1bd3a2ff439f55f8bf1680594) Importer(815301076,1909f56bfc062723c751e8b465ee728b)  -> (artifact id: 'd59f4f621586eb870df44abc7ca66915') in 0.003534 seconds 
========================================================================
Received Import Request.
  Time since last request: 30.154570 seconds.
  path: Assets/Assets/Pixel Adventure 2/Assets/Enemies/Turtle
  artifactKey: Guid(bcee13552d129164e8f4a5d46ae36e32) Importer(815301076,1909f56bfc062723c751e8b465ee728b)
Start importing Assets/Assets/Pixel Adventure 2/Assets/Enemies/Turtle using Guid(bcee13552d129164e8f4a5d46ae36e32) Importer(815301076,1909f56bfc062723c751e8b465ee728b)  -> (artifact id: '1cb028aa91dd98c3ff81c78be26c4e1d') in 0.012656 seconds 
========================================================================
Received Import Request.
  Time since last request: 5.989839 seconds.
  path: Assets/Assets/Pixel Adventure 2/Assets/Enemies/Bee
  artifactKey: Guid(84791849dcd5c6a42b24df8d554bb840) Importer(815301076,1909f56bfc062723c751e8b465ee728b)
Start importing Assets/Assets/Pixel Adventure 2/Assets/Enemies/Bee using Guid(84791849dcd5c6a42b24df8d554bb840) Importer(815301076,1909f56bfc062723c751e8b465ee728b)  -> (artifact id: '800c3efbd6ff130e5d5949822fb8b317') in 0.014385 seconds 
========================================================================
Received Import Request.
  Time since last request: 0.032282 seconds.
  path: Assets/Assets/Pixel Adventure 2/Assets/Enemies/Bee/Attack (36x34).png
  artifactKey: Guid(91b25275eae7e0d42a0f271880e21b72) Importer(815301076,1909f56bfc062723c751e8b465ee728b)
Start importing Assets/Assets/Pixel Adventure 2/Assets/Enemies/Bee/Attack (36x34).png using Guid(91b25275eae7e0d42a0f271880e21b72) Importer(815301076,1909f56bfc062723c751e8b465ee728b)  -> (artifact id: '12884cf57c7347f5603820daf64def0c') in 0.059937 seconds 
========================================================================
Received Import Request.
  Time since last request: 0.000029 seconds.
  path: Assets/Assets/Pixel Adventure 2/Assets/Enemies/Bee/Bullet.png
  artifactKey: Guid(669ef922a468d184489d2a28b0f84bb0) Importer(815301076,1909f56bfc062723c751e8b465ee728b)
Start importing Assets/Assets/Pixel Adventure 2/Assets/Enemies/Bee/Bullet.png using Guid(669ef922a468d184489d2a28b0f84bb0) Importer(815301076,1909f56bfc062723c751e8b465ee728b)  -> (artifact id: 'cc8ff760c791cb74c5efaacdf34b8bda') in 0.030751 seconds 
========================================================================
Received Import Request.
  Time since last request: 0.000017 seconds.
  path: Assets/Assets/Pixel Adventure 2/Assets/Enemies/Bee/Idle (36x34).png
  artifactKey: Guid(8721cbbfe3ba6a8418cd21a8de3a410c) Importer(815301076,1909f56bfc062723c751e8b465ee728b)
Start importing Assets/Assets/Pixel Adventure 2/Assets/Enemies/Bee/Idle (36x34).png using Guid(8721cbbfe3ba6a8418cd21a8de3a410c) Importer(815301076,1909f56bfc062723c751e8b465ee728b)  -> (artifact id: '0cd3b4fa4647d9c6a1de879f6a153f15') in 0.037620 seconds 
========================================================================
Received Import Request.
  Time since last request: 10.079239 seconds.
  path: Assets/Assets/Pixel Adventure 2/Assets/Enemies/Turtle/Hit (44x26).png
  artifactKey: Guid(1be4f088c23bfd74091c162649ac6f15) Importer(815301076,1909f56bfc062723c751e8b465ee728b)
Start importing Assets/Assets/Pixel Adventure 2/Assets/Enemies/Turtle/Hit (44x26).png using Guid(1be4f088c23bfd74091c162649ac6f15) Importer(815301076,1909f56bfc062723c751e8b465ee728b)  -> (artifact id: '01a40bd6291ac4e24520ec922730a3f9') in 0.049687 seconds 
========================================================================
Received Import Request.
  Time since last request: 0.000027 seconds.
  path: Assets/Assets/Pixel Adventure 2/Assets/Enemies/Turtle/Spikes in (44x26).png
  artifactKey: Guid(e6fc6dc4e21030043abfa53d019c42ec) Importer(815301076,1909f56bfc062723c751e8b465ee728b)
Start importing Assets/Assets/Pixel Adventure 2/Assets/Enemies/Turtle/Spikes in (44x26).png using Guid(e6fc6dc4e21030043abfa53d019c42ec) Importer(815301076,1909f56bfc062723c751e8b465ee728b)  -> (artifact id: '3a1fc6fadba6a96db3a6dbd1a55ee5ab') in 0.042214 seconds 
========================================================================
Received Import Request.
  Time since last request: 7.915220 seconds.
  path: Assets/Assets/Pixel Adventure 2/Assets/Enemies/Snail
  artifactKey: Guid(9ae33988d28a58a4a8330c5b36895642) Importer(815301076,1909f56bfc062723c751e8b465ee728b)
Start importing Assets/Assets/Pixel Adventure 2/Assets/Enemies/Snail using Guid(9ae33988d28a58a4a8330c5b36895642) Importer(815301076,1909f56bfc062723c751e8b465ee728b)  -> (artifact id: '889206122e3a170b0708f4a15689e964') in 0.015182 seconds 
========================================================================
Received Import Request.
  Time since last request: 0.019520 seconds.
  path: Assets/Assets/Pixel Adventure 2/Assets/Enemies/Snail/Hit (38x24).png
  artifactKey: Guid(b1ba59a5e0321eb459d8717bf09639dd) Importer(815301076,1909f56bfc062723c751e8b465ee728b)
Start importing Assets/Assets/Pixel Adventure 2/Assets/Enemies/Snail/Hit (38x24).png using Guid(b1ba59a5e0321eb459d8717bf09639dd) Importer(815301076,1909f56bfc062723c751e8b465ee728b)  -> (artifact id: '895779215d1c9ca917b214098872b70e') in 0.040383 seconds 
========================================================================
Received Import Request.
  Time since last request: 0.000025 seconds.
  path: Assets/Assets/Pixel Adventure 2/Assets/Enemies/Snail/Snail without shell.png
  artifactKey: Guid(3aad790845ea9f14a9e5da10a5d3f856) Importer(815301076,1909f56bfc062723c751e8b465ee728b)
Start importing Assets/Assets/Pixel Adventure 2/Assets/Enemies/Snail/Snail without shell.png using Guid(3aad790845ea9f14a9e5da10a5d3f856) Importer(815301076,1909f56bfc062723c751e8b465ee728b)  -> (artifact id: 'f62d025f87808912aa6456f1dca16615') in 0.031381 seconds 
========================================================================
Received Import Request.
  Time since last request: 0.000020 seconds.
  path: Assets/Assets/Pixel Adventure 2/Assets/Enemies/Snail/Shell Wall Hit (38x24).png
  artifactKey: Guid(e7cc2fad4013ab448a4063d876b18a47) Importer(815301076,1909f56bfc062723c751e8b465ee728b)
Start importing Assets/Assets/Pixel Adventure 2/Assets/Enemies/Snail/Shell Wall Hit (38x24).png using Guid(e7cc2fad4013ab448a4063d876b18a47) Importer(815301076,1909f56bfc062723c751e8b465ee728b)  -> (artifact id: '8c05ba269dc05fb26d2b9aa72f035203') in 0.061958 seconds 
========================================================================
Received Import Request.
  Time since last request: 18.070577 seconds.
  path: Assets/Characters/NewCharacter.asset
  artifactKey: Guid(b61aa5aab8090dd42b2952a39ee0d998) Importer(815301076,1909f56bfc062723c751e8b465ee728b)
Start importing Assets/Characters/NewCharacter.asset using Guid(b61aa5aab8090dd42b2952a39ee0d998) Importer(815301076,1909f56bfc062723c751e8b465ee728b)  -> (artifact id: '12dd06505d94a0796ae005fffa80da15') in 0.002443 seconds 
========================================================================
Received Import Request.
  Time since last request: 58.024918 seconds.
  path: Assets/Assets/Pixel Adventure 2/Assets/Enemies/Bunny
  artifactKey: Guid(9f3d44acaafd15c4c807231eb991a483) Importer(815301076,1909f56bfc062723c751e8b465ee728b)
Start importing Assets/Assets/Pixel Adventure 2/Assets/Enemies/Bunny using Guid(9f3d44acaafd15c4c807231eb991a483) Importer(815301076,1909f56bfc062723c751e8b465ee728b)  -> (artifact id: '45847abc296ad3cdefa8a38e0fa5323d') in 0.011280 seconds 
========================================================================
Received Import Request.
  Time since last request: 0.058434 seconds.
  path: Assets/Assets/Pixel Adventure 2/Assets/Enemies/Bunny/Fall.png
  artifactKey: Guid(11d964a7f73f03c479072fa5ca009a7f) Importer(815301076,1909f56bfc062723c751e8b465ee728b)
Start importing Assets/Assets/Pixel Adventure 2/Assets/Enemies/Bunny/Fall.png using Guid(11d964a7f73f03c479072fa5ca009a7f) Importer(815301076,1909f56bfc062723c751e8b465ee728b)  -> (artifact id: 'f4d2ab4ab53eb35dfdbf748f4a4fa7a6') in 0.042579 seconds 
========================================================================
Received Import Request.
  Time since last request: 0.000033 seconds.
  path: Assets/Assets/Pixel Adventure 2/Assets/Enemies/Bunny/Idle (34x44).png
  artifactKey: Guid(070a0fea8d7c56647b4a4a1bf7feb63e) Importer(815301076,1909f56bfc062723c751e8b465ee728b)
Start importing Assets/Assets/Pixel Adventure 2/Assets/Enemies/Bunny/Idle (34x44).png using Guid(070a0fea8d7c56647b4a4a1bf7feb63e) Importer(815301076,1909f56bfc062723c751e8b465ee728b)  -> (artifact id: '6e3808d1799ac98cd9e34dd2f16338a4') in 0.047951 seconds 
========================================================================
Received Import Request.
  Time since last request: 0.000034 seconds.
  path: Assets/Assets/Pixel Adventure 2/Assets/Enemies/Bunny/Jump.png
  artifactKey: Guid(ecc9c07b5beb1164dbb54c0d9847c7e2) Importer(815301076,1909f56bfc062723c751e8b465ee728b)
Start importing Assets/Assets/Pixel Adventure 2/Assets/Enemies/Bunny/Jump.png using Guid(ecc9c07b5beb1164dbb54c0d9847c7e2) Importer(815301076,1909f56bfc062723c751e8b465ee728b)  -> (artifact id: '84ed9c84660d365de97912583586898f') in 0.055582 seconds 
========================================================================
Received Import Request.
  Time since last request: 18.677010 seconds.
  path: Assets/Assets/Pixel Adventure 2/Assets/Enemies/Mushroom
  artifactKey: Guid(28e7db49e6da1544095f729e1d67eb7d) Importer(815301076,1909f56bfc062723c751e8b465ee728b)
Start importing Assets/Assets/Pixel Adventure 2/Assets/Enemies/Mushroom using Guid(28e7db49e6da1544095f729e1d67eb7d) Importer(815301076,1909f56bfc062723c751e8b465ee728b)  -> (artifact id: '58e9b6e69a2164d7cd934e57a3251f9c') in 0.003192 seconds 
========================================================================
Received Import Request.
  Time since last request: 0.056898 seconds.
  path: Assets/Assets/Pixel Adventure 2/Assets/Enemies/Mushroom/Hit (32x32).png
  artifactKey: Guid(16ac26d8f06504f4f9b4ec5b7514595b) Importer(815301076,1909f56bfc062723c751e8b465ee728b)
Start importing Assets/Assets/Pixel Adventure 2/Assets/Enemies/Mushroom/Hit (32x32).png using Guid(16ac26d8f06504f4f9b4ec5b7514595b) Importer(815301076,1909f56bfc062723c751e8b465ee728b)  -> (artifact id: '89d831c02e2252b9c3c5639e231c9b11') in 0.046047 seconds 
========================================================================
Received Import Request.
  Time since last request: 25.996949 seconds.
  path: Assets/Characters/Snail.prefab
  artifactKey: Guid(1921b208a14fbc944bd62d5023e72ce0) Importer(815301076,1909f56bfc062723c751e8b465ee728b)
Start importing Assets/Characters/Snail.prefab using Guid(1921b208a14fbc944bd62d5023e72ce0) Importer(815301076,1909f56bfc062723c751e8b465ee728b)  -> (artifact id: '871d7ba3c589f613387c56bd85e9a42b') in 0.018080 seconds 
========================================================================
Received Import Request.
  Time since last request: 2.802501 seconds.
  path: Assets/Characters/Bunny.prefab
  artifactKey: Guid(eaf17c5912d63714dbae4a665579459e) Importer(815301076,1909f56bfc062723c751e8b465ee728b)
Start importing Assets/Characters/Bunny.prefab using Guid(eaf17c5912d63714dbae4a665579459e) Importer(815301076,1909f56bfc062723c751e8b465ee728b)  -> (artifact id: '1c642ff9615cc82c6a7822fe5a08bbd0') in 0.022443 seconds 
========================================================================
Received Import Request.
  Time since last request: 2.753709 seconds.
  path: Assets/Characters/Mushroom.prefab
  artifactKey: Guid(e1a1a9dbbe0aede4382fa1be7f017dac) Importer(815301076,1909f56bfc062723c751e8b465ee728b)
Start importing Assets/Characters/Mushroom.prefab using Guid(e1a1a9dbbe0aede4382fa1be7f017dac) Importer(815301076,1909f56bfc062723c751e8b465ee728b)  -> (artifact id: '80d3b95ee6d55071e1aab284456ba545') in 0.018973 seconds 
========================================================================
Received Import Request.
  Time since last request: 15.551758 seconds.
  path: Assets/Characters/NewCharacter.asset
  artifactKey: Guid(b61aa5aab8090dd42b2952a39ee0d998) Importer(815301076,1909f56bfc062723c751e8b465ee728b)
Start importing Assets/Characters/NewCharacter.asset using Guid(b61aa5aab8090dd42b2952a39ee0d998) Importer(815301076,1909f56bfc062723c751e8b465ee728b)  -> (artifact id: '4f9b05e18e723dbe2b2239c15f1c27dd') in 0.002345 seconds 
========================================================================
Received Import Request.
  Time since last request: 3.595879 seconds.
  path: Assets/Characters/NewCharacter.asset
  artifactKey: Guid(b61aa5aab8090dd42b2952a39ee0d998) Importer(815301076,1909f56bfc062723c751e8b465ee728b)
Start importing Assets/Characters/NewCharacter.asset using Guid(b61aa5aab8090dd42b2952a39ee0d998) Importer(815301076,1909f56bfc062723c751e8b465ee728b)  -> (artifact id: 'bb4ac6d95c913cece1538300d1d96c51') in 0.003359 seconds 
========================================================================
Received Import Request.
  Time since last request: 5.655421 seconds.
  path: Assets/Characters/NewCharacter 1.asset
  artifactKey: Guid(17a1bc9fdc1de6342b735f967510a66a) Importer(815301076,1909f56bfc062723c751e8b465ee728b)
Start importing Assets/Characters/NewCharacter 1.asset using Guid(17a1bc9fdc1de6342b735f967510a66a) Importer(815301076,1909f56bfc062723c751e8b465ee728b)  -> (artifact id: '73616342be69fe41e9cfbf5db1506904') in 0.009180 seconds 
========================================================================
Received Import Request.
  Time since last request: 7.929220 seconds.
  path: Assets/Characters/NewCharacter 1.asset
  artifactKey: Guid(17a1bc9fdc1de6342b735f967510a66a) Importer(815301076,1909f56bfc062723c751e8b465ee728b)
Start importing Assets/Characters/NewCharacter 1.asset using Guid(17a1bc9fdc1de6342b735f967510a66a) Importer(815301076,1909f56bfc062723c751e8b465ee728b)  -> (artifact id: '996c530a16fd8dd4c5f63e7964ad36d9') in 0.003161 seconds 
========================================================================
Received Import Request.
  Time since last request: 5.553711 seconds.
  path: Assets/Characters/NewCharacter 2.asset
  artifactKey: Guid(513f4347208ef94499f525b773566b12) Importer(815301076,1909f56bfc062723c751e8b465ee728b)
Start importing Assets/Characters/NewCharacter 2.asset using Guid(513f4347208ef94499f525b773566b12) Importer(815301076,1909f56bfc062723c751e8b465ee728b)  -> (artifact id: '94ae74732c6b460ddc788fb7adede9de') in 0.046037 seconds 
========================================================================
Received Import Request.
  Time since last request: 5.529925 seconds.
  path: Assets/Characters/NewCharacter 2.asset
  artifactKey: Guid(513f4347208ef94499f525b773566b12) Importer(815301076,1909f56bfc062723c751e8b465ee728b)
Start importing Assets/Characters/NewCharacter 2.asset using Guid(513f4347208ef94499f525b773566b12) Importer(815301076,1909f56bfc062723c751e8b465ee728b)  -> (artifact id: '785c04877cee1b162dff1383a3c4b564') in 0.003176 seconds 
========================================================================
Received Import Request.
  Time since last request: 33.867781 seconds.
  path: Assets/Characters/Snail'.asset
  artifactKey: Guid(513f4347208ef94499f525b773566b12) Importer(815301076,1909f56bfc062723c751e8b465ee728b)
Start importing Assets/Characters/Snail'.asset using Guid(513f4347208ef94499f525b773566b12) Importer(815301076,1909f56bfc062723c751e8b465ee728b)  -> (artifact id: 'f4411953ba9bc9d95ed9cde1e14754fb') in 0.009279 seconds 
========================================================================
Received Import Request.
  Time since last request: 23.493432 seconds.
  path: Assets/Characters/Bunny.asset
  artifactKey: Guid(17a1bc9fdc1de6342b735f967510a66a) Importer(815301076,1909f56bfc062723c751e8b465ee728b)
Start importing Assets/Characters/Bunny.asset using Guid(17a1bc9fdc1de6342b735f967510a66a) Importer(815301076,1909f56bfc062723c751e8b465ee728b)  -> (artifact id: '2c3a426ffc1b9cf3b07a1dd9174b43f2') in 0.003079 seconds 
========================================================================
Received Import Request.
  Time since last request: 14.508117 seconds.
  path: Assets/Characters/Mushroom.asset
  artifactKey: Guid(b61aa5aab8090dd42b2952a39ee0d998) Importer(815301076,1909f56bfc062723c751e8b465ee728b)
Start importing Assets/Characters/Mushroom.asset using Guid(b61aa5aab8090dd42b2952a39ee0d998) Importer(815301076,1909f56bfc062723c751e8b465ee728b)  -> (artifact id: 'f40dab2a3c8b409c49e34335ecf37a4b') in 0.003091 seconds 
========================================================================
Received Prepare
Registering precompiled user dll's ...
Registered in 0.005485 seconds.
Begin MonoManager ReloadAssembly
Symbol file LoadedFromMemory doesn't match image E:\flappy\FlappyBird\flappy\Library\PackageCache\com.unity.visualscripting@1.8.0\Editor\VisualScripting.Core\Dependencies\YamlDotNet\Unity.VisualScripting.YamlDotNet.dll
Symbol file LoadedFromMemory doesn't match image E:\flappy\FlappyBird\flappy\Library\PackageCache\com.unity.visualscripting@1.8.0\Editor\VisualScripting.Core\Dependencies\DotNetZip\Unity.VisualScripting.IonicZip.dll
Native extension for WindowsStandalone target not found
Native extension for WebGL target not found
Refreshing native plugins compatible for Editor in 0.87 ms, found 3 plugins.
Preloading 0 native plugins for Editor in 0.00 ms.
Mono: successfully reloaded assembly
- Completed reload, in  1.306 seconds
Domain Reload Profiling:
	ReloadAssembly (1306ms)
		BeginReloadAssembly (152ms)
			ExecutionOrderSort (0ms)
			DisableScriptedObjects (4ms)
			BackupInstance (0ms)
			ReleaseScriptingObjects (0ms)
			CreateAndSetChildDomain (42ms)
		EndReloadAssembly (1057ms)
			LoadAssemblies (108ms)
			RebuildTransferFunctionScriptingTraits (0ms)
			SetupTypeCache (299ms)
			ReleaseScriptCaches (2ms)
			RebuildScriptCaches (52ms)
			SetupLoadedEditorAssemblies (568ms)
				LogAssemblyErrors (0ms)
				InitializePlatformSupportModulesInManaged (10ms)
				SetLoadedEditorAssemblies (0ms)
				RefreshPlugins (1ms)
				BeforeProcessingInitializeOnLoad (88ms)
				ProcessInitializeOnLoadAttributes (375ms)
				ProcessInitializeOnLoadMethodAttributes (78ms)
				AfterProcessingInitializeOnLoad (15ms)
				EditorAssembliesLoaded (0ms)
			ExecutionOrderSort2 (0ms)
			AwakeInstancesAfterBackupRestoration (9ms)
Platform modules already initialized, skipping
Refreshing native plugins compatible for Editor in 3.83 ms, found 3 plugins.
Preloading 0 native plugins for Editor in 0.00 ms.
Unloading 4719 Unused Serialized files (Serialized files now loaded: 0)
Unloading 25 unused Assets / (0.7 MB). Loaded Objects now: 5312.
Memory consumption went from 186.9 MB to 186.2 MB.
Total: 6.988800 ms (FindLiveObjects: 0.566800 ms CreateObjectMapping: 0.612400 ms MarkObjects: 5.222000 ms  DeleteObjects: 0.586400 ms)

AssetImportParameters requested are different than current active one (requested -> active):
  custom:video-decoder-ogg-theora: a1e56fd34408186e4bbccfd4996cb3dc -> 
  custom:container-muxer-webm: aa71ff27fc2769a1b78a27578f13a17b -> 
  custom:container-demuxer-webm: 4f35f7cbe854078d1ac9338744f61a02 -> 
  custom:video-encoder-webm-vp8: eb34c28f22e8b96e1ab97ce403110664 -> 
  custom:audio-encoder-webm-vorbis: bf7c407c2cedff20999df2af8eb42d56 -> 
  custom:framework-win-MediaFoundation: 216162199b28c13a410421893ffa2e32 -> 
  custom:container-demuxer-ogg: 62fdf1f143b41e24485cea50d1cbac27 -> 
  custom:video-decoder-webm-vp8: 9c59270c3fd7afecdb556c50c9e8de78 -> 
  custom:audio-decoder-ogg-vorbis: bf7c407c2cedff20999df2af8eb42d56 -> 
========================================================================
Received Import Request.
  Time since last request: 52.311697 seconds.
  path: Assets/Characters/Mushroom.prefab
  artifactKey: Guid(e1a1a9dbbe0aede4382fa1be7f017dac) Importer(815301076,1909f56bfc062723c751e8b465ee728b)
Start importing Assets/Characters/Mushroom.prefab using Guid(e1a1a9dbbe0aede4382fa1be7f017dac) Importer(815301076,1909f56bfc062723c751e8b465ee728b)  -> (artifact id: 'dbf7b6b68c708282b750dd23497d2780') in 0.063096 seconds 
========================================================================
Received Import Request.
  Time since last request: 1.813532 seconds.
  path: Assets/Characters/Mushroom.prefab
  artifactKey: Guid(e1a1a9dbbe0aede4382fa1be7f017dac) Importer(815301076,1909f56bfc062723c751e8b465ee728b)
Start importing Assets/Characters/Mushroom.prefab using Guid(e1a1a9dbbe0aede4382fa1be7f017dac) Importer(815301076,1909f56bfc062723c751e8b465ee728b)  -> (artifact id: 'fb3053aa49d8b34e3537395ab30ee625') in 0.027737 seconds 
========================================================================
Received Import Request.
  Time since last request: 7.268392 seconds.
  path: Assets/Characters/Bunny.prefab
  artifactKey: Guid(eaf17c5912d63714dbae4a665579459e) Importer(815301076,1909f56bfc062723c751e8b465ee728b)
Start importing Assets/Characters/Bunny.prefab using Guid(eaf17c5912d63714dbae4a665579459e) Importer(815301076,1909f56bfc062723c751e8b465ee728b)  -> (artifact id: '9e1244c4700ea4305f5754b3bbe06228') in 0.024774 seconds 
========================================================================
Received Import Request.
  Time since last request: 1.770185 seconds.
  path: Assets/Characters/Bunny.prefab
  artifactKey: Guid(eaf17c5912d63714dbae4a665579459e) Importer(815301076,1909f56bfc062723c751e8b465ee728b)
Start importing Assets/Characters/Bunny.prefab using Guid(eaf17c5912d63714dbae4a665579459e) Importer(815301076,1909f56bfc062723c751e8b465ee728b)  -> (artifact id: 'b3a2aa2237c975736f9c95f19ae827dd') in 0.023105 seconds 
========================================================================
Received Prepare
Registering precompiled user dll's ...
Registered in 0.004985 seconds.
Begin MonoManager ReloadAssembly
Symbol file LoadedFromMemory doesn't match image E:\flappy\FlappyBird\flappy\Library\PackageCache\com.unity.visualscripting@1.8.0\Editor\VisualScripting.Core\Dependencies\YamlDotNet\Unity.VisualScripting.YamlDotNet.dll
Symbol file LoadedFromMemory doesn't match image E:\flappy\FlappyBird\flappy\Library\PackageCache\com.unity.visualscripting@1.8.0\Editor\VisualScripting.Core\Dependencies\DotNetZip\Unity.VisualScripting.IonicZip.dll
Native extension for WindowsStandalone target not found
Native extension for WebGL target not found
Refreshing native plugins compatible for Editor in 1.08 ms, found 3 plugins.
Preloading 0 native plugins for Editor in 0.00 ms.
Mono: successfully reloaded assembly
- Completed reload, in  1.240 seconds
Domain Reload Profiling:
	ReloadAssembly (1241ms)
		BeginReloadAssembly (138ms)
			ExecutionOrderSort (0ms)
			DisableScriptedObjects (4ms)
			BackupInstance (0ms)
			ReleaseScriptingObjects (0ms)
			CreateAndSetChildDomain (36ms)
		EndReloadAssembly (998ms)
			LoadAssemblies (98ms)
			RebuildTransferFunctionScriptingTraits (0ms)
			SetupTypeCache (273ms)
			ReleaseScriptCaches (2ms)
			RebuildScriptCaches (49ms)
			SetupLoadedEditorAssemblies (543ms)
				LogAssemblyErrors (0ms)
				InitializePlatformSupportModulesInManaged (12ms)
				SetLoadedEditorAssemblies (1ms)
				RefreshPlugins (1ms)
				BeforeProcessingInitializeOnLoad (87ms)
				ProcessInitializeOnLoadAttributes (351ms)
				ProcessInitializeOnLoadMethodAttributes (76ms)
				AfterProcessingInitializeOnLoad (14ms)
				EditorAssembliesLoaded (0ms)
			ExecutionOrderSort2 (0ms)
			AwakeInstancesAfterBackupRestoration (8ms)
Platform modules already initialized, skipping
Refreshing native plugins compatible for Editor in 4.79 ms, found 3 plugins.
Preloading 0 native plugins for Editor in 0.00 ms.
Unloading 4719 Unused Serialized files (Serialized files now loaded: 0)
Unloading 25 unused Assets / (0.7 MB). Loaded Objects now: 5315.
Memory consumption went from 186.9 MB to 186.2 MB.
Total: 7.570200 ms (FindLiveObjects: 0.635000 ms CreateObjectMapping: 0.793600 ms MarkObjects: 5.547700 ms  DeleteObjects: 0.592500 ms)

AssetImportParameters requested are different than current active one (requested -> active):
  custom:video-decoder-ogg-theora: a1e56fd34408186e4bbccfd4996cb3dc -> 
  custom:container-muxer-webm: aa71ff27fc2769a1b78a27578f13a17b -> 
  custom:container-demuxer-webm: 4f35f7cbe854078d1ac9338744f61a02 -> 
  custom:video-encoder-webm-vp8: eb34c28f22e8b96e1ab97ce403110664 -> 
  custom:audio-encoder-webm-vorbis: bf7c407c2cedff20999df2af8eb42d56 -> 
  custom:framework-win-MediaFoundation: 216162199b28c13a410421893ffa2e32 -> 
  custom:container-demuxer-ogg: 62fdf1f143b41e24485cea50d1cbac27 -> 
  custom:video-decoder-webm-vp8: 9c59270c3fd7afecdb556c50c9e8de78 -> 
  custom:audio-decoder-ogg-vorbis: bf7c407c2cedff20999df2af8eb42d56 -> 
========================================================================
Received Import Request.
  Time since last request: 17.863174 seconds.
  path: Assets/Characters/Snail.prefab
  artifactKey: Guid(1921b208a14fbc944bd62d5023e72ce0) Importer(815301076,1909f56bfc062723c751e8b465ee728b)
Start importing Assets/Characters/Snail.prefab using Guid(1921b208a14fbc944bd62d5023e72ce0) Importer(815301076,1909f56bfc062723c751e8b465ee728b)  -> (artifact id: '639b65164ef3d63dc058a39b547f203d') in 0.058734 seconds 
========================================================================
Received Import Request.
  Time since last request: 1.237501 seconds.
  path: Assets/Characters/Snail.prefab
  artifactKey: Guid(1921b208a14fbc944bd62d5023e72ce0) Importer(815301076,1909f56bfc062723c751e8b465ee728b)
Start importing Assets/Characters/Snail.prefab using Guid(1921b208a14fbc944bd62d5023e72ce0) Importer(815301076,1909f56bfc062723c751e8b465ee728b)  -> (artifact id: '2f700b7635bcce42255d3499783848b3') in 0.019608 seconds 
========================================================================
Received Import Request.
  Time since last request: 8.677637 seconds.
  path: Assets/Characters/Fred.prefab
  artifactKey: Guid(30dcbec3fbbf2cf4682235f8b89c71d6) Importer(815301076,1909f56bfc062723c751e8b465ee728b)
Start importing Assets/Characters/Fred.prefab using Guid(30dcbec3fbbf2cf4682235f8b89c71d6) Importer(815301076,1909f56bfc062723c751e8b465ee728b)  -> (artifact id: '6605ee29d9290fbfea3175ce5ffa04c1') in 0.023056 seconds 
========================================================================
Received Import Request.
  Time since last request: 0.933604 seconds.
  path: Assets/Characters/Fred.prefab
  artifactKey: Guid(30dcbec3fbbf2cf4682235f8b89c71d6) Importer(815301076,1909f56bfc062723c751e8b465ee728b)
Start importing Assets/Characters/Fred.prefab using Guid(30dcbec3fbbf2cf4682235f8b89c71d6) Importer(815301076,1909f56bfc062723c751e8b465ee728b)  -> (artifact id: '56dc12928121ed3cbf53280f65dd64f9') in 0.018429 seconds 
========================================================================
Received Prepare
Registering precompiled user dll's ...
Registered in 0.005145 seconds.
Begin MonoManager ReloadAssembly
Symbol file LoadedFromMemory doesn't match image E:\flappy\FlappyBird\flappy\Library\PackageCache\com.unity.visualscripting@1.8.0\Editor\VisualScripting.Core\Dependencies\YamlDotNet\Unity.VisualScripting.YamlDotNet.dll
Symbol file LoadedFromMemory doesn't match image E:\flappy\FlappyBird\flappy\Library\PackageCache\com.unity.visualscripting@1.8.0\Editor\VisualScripting.Core\Dependencies\DotNetZip\Unity.VisualScripting.IonicZip.dll
Native extension for WindowsStandalone target not found
Native extension for WebGL target not found
Refreshing native plugins compatible for Editor in 1.16 ms, found 3 plugins.
Preloading 0 native plugins for Editor in 0.00 ms.
Mono: successfully reloaded assembly
- Completed reload, in  1.319 seconds
Domain Reload Profiling:
	ReloadAssembly (1320ms)
		BeginReloadAssembly (141ms)
			ExecutionOrderSort (0ms)
			DisableScriptedObjects (4ms)
			BackupInstance (0ms)
			ReleaseScriptingObjects (0ms)
			CreateAndSetChildDomain (38ms)
		EndReloadAssembly (1069ms)
			LoadAssemblies (100ms)
			RebuildTransferFunctionScriptingTraits (0ms)
			SetupTypeCache (295ms)
			ReleaseScriptCaches (2ms)
			RebuildScriptCaches (54ms)
			SetupLoadedEditorAssemblies (577ms)
				LogAssemblyErrors (0ms)
				InitializePlatformSupportModulesInManaged (10ms)
				SetLoadedEditorAssemblies (0ms)
				RefreshPlugins (1ms)
				BeforeProcessingInitializeOnLoad (89ms)
				ProcessInitializeOnLoadAttributes (379ms)
				ProcessInitializeOnLoadMethodAttributes (83ms)
				AfterProcessingInitializeOnLoad (14ms)
				EditorAssembliesLoaded (0ms)
			ExecutionOrderSort2 (0ms)
			AwakeInstancesAfterBackupRestoration (9ms)
Platform modules already initialized, skipping
Refreshing native plugins compatible for Editor in 4.48 ms, found 3 plugins.
Preloading 0 native plugins for Editor in 0.00 ms.
Unloading 4719 Unused Serialized files (Serialized files now loaded: 0)
Unloading 25 unused Assets / (0.7 MB). Loaded Objects now: 5318.
Memory consumption went from 187.0 MB to 186.3 MB.
Total: 8.311400 ms (FindLiveObjects: 0.493500 ms CreateObjectMapping: 1.096000 ms MarkObjects: 5.718500 ms  DeleteObjects: 1.001800 ms)

AssetImportParameters requested are different than current active one (requested -> active):
  custom:video-decoder-ogg-theora: a1e56fd34408186e4bbccfd4996cb3dc -> 
  custom:container-muxer-webm: aa71ff27fc2769a1b78a27578f13a17b -> 
  custom:container-demuxer-webm: 4f35f7cbe854078d1ac9338744f61a02 -> 
  custom:video-encoder-webm-vp8: eb34c28f22e8b96e1ab97ce403110664 -> 
  custom:audio-encoder-webm-vorbis: bf7c407c2cedff20999df2af8eb42d56 -> 
  custom:framework-win-MediaFoundation: 216162199b28c13a410421893ffa2e32 -> 
  custom:container-demuxer-ogg: 62fdf1f143b41e24485cea50d1cbac27 -> 
  custom:video-decoder-webm-vp8: 9c59270c3fd7afecdb556c50c9e8de78 -> 
  custom:audio-decoder-ogg-vorbis: bf7c407c2cedff20999df2af8eb42d56 -> 
========================================================================
Received Prepare
Registering precompiled user dll's ...
Registered in 0.004723 seconds.
Begin MonoManager ReloadAssembly
Symbol file LoadedFromMemory doesn't match image E:\flappy\FlappyBird\flappy\Library\PackageCache\com.unity.visualscripting@1.8.0\Editor\VisualScripting.Core\Dependencies\YamlDotNet\Unity.VisualScripting.YamlDotNet.dll
Symbol file LoadedFromMemory doesn't match image E:\flappy\FlappyBird\flappy\Library\PackageCache\com.unity.visualscripting@1.8.0\Editor\VisualScripting.Core\Dependencies\DotNetZip\Unity.VisualScripting.IonicZip.dll
Native extension for WindowsStandalone target not found
Native extension for WebGL target not found
Refreshing native plugins compatible for Editor in 0.86 ms, found 3 plugins.
Preloading 0 native plugins for Editor in 0.00 ms.
Mono: successfully reloaded assembly
- Completed reload, in  1.238 seconds
Domain Reload Profiling:
	ReloadAssembly (1239ms)
		BeginReloadAssembly (143ms)
			ExecutionOrderSort (0ms)
			DisableScriptedObjects (5ms)
			BackupInstance (0ms)
			ReleaseScriptingObjects (0ms)
			CreateAndSetChildDomain (34ms)
		EndReloadAssembly (998ms)
			LoadAssemblies (104ms)
			RebuildTransferFunctionScriptingTraits (0ms)
			SetupTypeCache (269ms)
			ReleaseScriptCaches (2ms)
			RebuildScriptCaches (50ms)
			SetupLoadedEditorAssemblies (541ms)
				LogAssemblyErrors (0ms)
				InitializePlatformSupportModulesInManaged (8ms)
				SetLoadedEditorAssemblies (0ms)
				RefreshPlugins (1ms)
				BeforeProcessingInitializeOnLoad (85ms)
				ProcessInitializeOnLoadAttributes (355ms)
				ProcessInitializeOnLoadMethodAttributes (80ms)
				AfterProcessingInitializeOnLoad (12ms)
				EditorAssembliesLoaded (0ms)
			ExecutionOrderSort2 (0ms)
			AwakeInstancesAfterBackupRestoration (9ms)
Platform modules already initialized, skipping
Refreshing native plugins compatible for Editor in 4.13 ms, found 3 plugins.
Preloading 0 native plugins for Editor in 0.00 ms.
Unloading 4719 Unused Serialized files (Serialized files now loaded: 0)
Unloading 25 unused Assets / (0.7 MB). Loaded Objects now: 5321.
Memory consumption went from 186.8 MB to 186.1 MB.
Total: 6.679700 ms (FindLiveObjects: 0.535800 ms CreateObjectMapping: 0.544500 ms MarkObjects: 5.098800 ms  DeleteObjects: 0.499300 ms)

AssetImportParameters requested are different than current active one (requested -> active):
  custom:video-decoder-ogg-theora: a1e56fd34408186e4bbccfd4996cb3dc -> 
  custom:container-muxer-webm: aa71ff27fc2769a1b78a27578f13a17b -> 
  custom:container-demuxer-webm: 4f35f7cbe854078d1ac9338744f61a02 -> 
  custom:video-encoder-webm-vp8: eb34c28f22e8b96e1ab97ce403110664 -> 
  custom:audio-encoder-webm-vorbis: bf7c407c2cedff20999df2af8eb42d56 -> 
  custom:framework-win-MediaFoundation: 216162199b28c13a410421893ffa2e32 -> 
  custom:container-demuxer-ogg: 62fdf1f143b41e24485cea50d1cbac27 -> 
  custom:video-decoder-webm-vp8: 9c59270c3fd7afecdb556c50c9e8de78 -> 
  custom:audio-decoder-ogg-vorbis: bf7c407c2cedff20999df2af8eb42d56 -> 
========================================================================
Received Import Request.
  Time since last request: 115.457130 seconds.
  path: Assets/Characters/Mushroom.prefab
  artifactKey: Guid(e1a1a9dbbe0aede4382fa1be7f017dac) Importer(815301076,1909f56bfc062723c751e8b465ee728b)
Start importing Assets/Characters/Mushroom.prefab using Guid(e1a1a9dbbe0aede4382fa1be7f017dac) Importer(815301076,1909f56bfc062723c751e8b465ee728b)  -> (artifact id: 'fa7409639c0b9babac4684823fab272c') in 0.055679 seconds 
========================================================================
Received Import Request.
  Time since last request: 4.020192 seconds.
  path: Assets/Characters/Mushroom.prefab
  artifactKey: Guid(e1a1a9dbbe0aede4382fa1be7f017dac) Importer(815301076,1909f56bfc062723c751e8b465ee728b)
Start importing Assets/Characters/Mushroom.prefab using Guid(e1a1a9dbbe0aede4382fa1be7f017dac) Importer(815301076,1909f56bfc062723c751e8b465ee728b)  -> (artifact id: 'ea9974ad2b693c69f1b36294a77397a8') in 0.013453 seconds 
========================================================================
Received Import Request.
  Time since last request: 0.351756 seconds.
  path: Assets/Characters/Mushroom.prefab
  artifactKey: Guid(e1a1a9dbbe0aede4382fa1be7f017dac) Importer(815301076,1909f56bfc062723c751e8b465ee728b)
Start importing Assets/Characters/Mushroom.prefab using Guid(e1a1a9dbbe0aede4382fa1be7f017dac) Importer(815301076,1909f56bfc062723c751e8b465ee728b)  -> (artifact id: '38cd10d6cfa06d4f582dc41f7ba8438a') in 0.013440 seconds 
========================================================================
Received Import Request.
  Time since last request: 37.390824 seconds.
  path: Assets/Characters/Mushroom.prefab
  artifactKey: Guid(e1a1a9dbbe0aede4382fa1be7f017dac) Importer(815301076,1909f56bfc062723c751e8b465ee728b)
Start importing Assets/Characters/Mushroom.prefab using Guid(e1a1a9dbbe0aede4382fa1be7f017dac) Importer(815301076,1909f56bfc062723c751e8b465ee728b)  -> (artifact id: '453ecac835167660ac62d80f3aeec830') in 0.012189 seconds 
========================================================================
Received Import Request.
  Time since last request: 5.112562 seconds.
  path: Assets/Characters/Mushroom.prefab
  artifactKey: Guid(e1a1a9dbbe0aede4382fa1be7f017dac) Importer(815301076,1909f56bfc062723c751e8b465ee728b)
Start importing Assets/Characters/Mushroom.prefab using Guid(e1a1a9dbbe0aede4382fa1be7f017dac) Importer(815301076,1909f56bfc062723c751e8b465ee728b)  -> (artifact id: 'f073c5f27af2b1b5d05c74a036ce0c12') in 0.041669 seconds 
========================================================================
Received Import Request.
  Time since last request: 7.896216 seconds.
  path: Assets/Characters/Mushroom.prefab
  artifactKey: Guid(e1a1a9dbbe0aede4382fa1be7f017dac) Importer(815301076,1909f56bfc062723c751e8b465ee728b)
Start importing Assets/Characters/Mushroom.prefab using Guid(e1a1a9dbbe0aede4382fa1be7f017dac) Importer(815301076,1909f56bfc062723c751e8b465ee728b)  -> (artifact id: '8154905cd2dda055d5e80be651b72066') in 0.006881 seconds 
========================================================================
Received Import Request.
  Time since last request: 3.258840 seconds.
  path: Assets/Characters/Mushroom.prefab
  artifactKey: Guid(e1a1a9dbbe0aede4382fa1be7f017dac) Importer(815301076,1909f56bfc062723c751e8b465ee728b)
Start importing Assets/Characters/Mushroom.prefab using Guid(e1a1a9dbbe0aede4382fa1be7f017dac) Importer(815301076,1909f56bfc062723c751e8b465ee728b)  -> (artifact id: '817c7866388c5b774d5d9068dff91eaf') in 0.007855 seconds 
========================================================================
Received Import Request.
  Time since last request: 14.706828 seconds.
  path: Assets/Characters/Mushroom.prefab
  artifactKey: Guid(e1a1a9dbbe0aede4382fa1be7f017dac) Importer(815301076,1909f56bfc062723c751e8b465ee728b)
Start importing Assets/Characters/Mushroom.prefab using Guid(e1a1a9dbbe0aede4382fa1be7f017dac) Importer(815301076,1909f56bfc062723c751e8b465ee728b)  -> (artifact id: '0eb17535647c20601efa6e897a0390c4') in 0.010393 seconds 
========================================================================
Received Import Request.
  Time since last request: 3.463935 seconds.
  path: Assets/Characters/Mushroom.prefab
  artifactKey: Guid(e1a1a9dbbe0aede4382fa1be7f017dac) Importer(815301076,1909f56bfc062723c751e8b465ee728b)
Start importing Assets/Characters/Mushroom.prefab using Guid(e1a1a9dbbe0aede4382fa1be7f017dac) Importer(815301076,1909f56bfc062723c751e8b465ee728b)  -> (artifact id: '1d7db6091418a841ab78c3c3034c13c1') in 0.018564 seconds 
========================================================================
Received Import Request.
  Time since last request: 4.667531 seconds.
  path: Assets/Characters/Mushroom.prefab
  artifactKey: Guid(e1a1a9dbbe0aede4382fa1be7f017dac) Importer(815301076,1909f56bfc062723c751e8b465ee728b)
Start importing Assets/Characters/Mushroom.prefab using Guid(e1a1a9dbbe0aede4382fa1be7f017dac) Importer(815301076,1909f56bfc062723c751e8b465ee728b)  -> (artifact id: 'a564495be4747009c0a7360eeb284021') in 0.007516 seconds 
========================================================================
Received Import Request.
  Time since last request: 17.939338 seconds.
  path: Assets/Characters/Mushroom.prefab
  artifactKey: Guid(e1a1a9dbbe0aede4382fa1be7f017dac) Importer(815301076,1909f56bfc062723c751e8b465ee728b)
Start importing Assets/Characters/Mushroom.prefab using Guid(e1a1a9dbbe0aede4382fa1be7f017dac) Importer(815301076,1909f56bfc062723c751e8b465ee728b)  -> (artifact id: 'd6a7df63c6abbf226a31cd0692b243c7') in 0.008904 seconds 
========================================================================
Received Import Request.
  Time since last request: 14.509881 seconds.
  path: Assets/Characters/Mushroom.prefab
  artifactKey: Guid(e1a1a9dbbe0aede4382fa1be7f017dac) Importer(815301076,1909f56bfc062723c751e8b465ee728b)
Start importing Assets/Characters/Mushroom.prefab using Guid(e1a1a9dbbe0aede4382fa1be7f017dac) Importer(815301076,1909f56bfc062723c751e8b465ee728b)  -> (artifact id: '09be313d9d3c4d053d01d8edc55656fb') in 0.016514 seconds 
========================================================================
Received Import Request.
  Time since last request: 5.179014 seconds.
  path: Assets/Characters/Mushroom.prefab
  artifactKey: Guid(e1a1a9dbbe0aede4382fa1be7f017dac) Importer(815301076,1909f56bfc062723c751e8b465ee728b)
Start importing Assets/Characters/Mushroom.prefab using Guid(e1a1a9dbbe0aede4382fa1be7f017dac) Importer(815301076,1909f56bfc062723c751e8b465ee728b)  -> (artifact id: '86da02bdc7024de2709d99a3dd0072e3') in 0.011834 seconds 
========================================================================
Received Import Request.
  Time since last request: 4.978586 seconds.
  path: Assets/Characters/Mushroom.prefab
  artifactKey: Guid(e1a1a9dbbe0aede4382fa1be7f017dac) Importer(815301076,1909f56bfc062723c751e8b465ee728b)
Start importing Assets/Characters/Mushroom.prefab using Guid(e1a1a9dbbe0aede4382fa1be7f017dac) Importer(815301076,1909f56bfc062723c751e8b465ee728b)  -> (artifact id: '227c39083de5baf923ed15f361c15864') in 0.015616 seconds 
========================================================================
Received Import Request.
  Time since last request: 22.858241 seconds.
  path: Assets/Characters/Blue Shell Guy.prefab
  artifactKey: Guid(9103c5585d1ac7746af22fc6621b1331) Importer(815301076,1909f56bfc062723c751e8b465ee728b)
Start importing Assets/Characters/Blue Shell Guy.prefab using Guid(9103c5585d1ac7746af22fc6621b1331) Importer(815301076,1909f56bfc062723c751e8b465ee728b)  -> (artifact id: '72f9035058a4da6da51856b4c08120e6') in 0.018936 seconds 
========================================================================
Received Import Request.
  Time since last request: 1.093406 seconds.
  path: Assets/Characters/Blue Shell Guy.prefab
  artifactKey: Guid(9103c5585d1ac7746af22fc6621b1331) Importer(815301076,1909f56bfc062723c751e8b465ee728b)
Start importing Assets/Characters/Blue Shell Guy.prefab using Guid(9103c5585d1ac7746af22fc6621b1331) Importer(815301076,1909f56bfc062723c751e8b465ee728b)  -> (artifact id: 'ed8d588bd0754a5880eae83a2f3c100f') in 0.018578 seconds 
========================================================================
Received Import Request.
  Time since last request: 14.697897 seconds.
  path: Assets/Characters/Bunny.prefab
  artifactKey: Guid(eaf17c5912d63714dbae4a665579459e) Importer(815301076,1909f56bfc062723c751e8b465ee728b)
Start importing Assets/Characters/Bunny.prefab using Guid(eaf17c5912d63714dbae4a665579459e) Importer(815301076,1909f56bfc062723c751e8b465ee728b)  -> (artifact id: '3cc0bf0edcdc26b033083d9ab93b68bf') in 0.012182 seconds 
========================================================================
Received Import Request.
  Time since last request: 11.611079 seconds.
  path: Assets/Characters/Bunny.prefab
  artifactKey: Guid(eaf17c5912d63714dbae4a665579459e) Importer(815301076,1909f56bfc062723c751e8b465ee728b)
Start importing Assets/Characters/Bunny.prefab using Guid(eaf17c5912d63714dbae4a665579459e) Importer(815301076,1909f56bfc062723c751e8b465ee728b)  -> (artifact id: '9db5feb666d95f52268062460c9fd89f') in 0.008701 seconds 
========================================================================
Received Prepare
Registering precompiled user dll's ...
Registered in 0.004801 seconds.
Begin MonoManager ReloadAssembly
Symbol file LoadedFromMemory doesn't match image E:\flappy\FlappyBird\flappy\Library\PackageCache\com.unity.visualscripting@1.8.0\Editor\VisualScripting.Core\Dependencies\YamlDotNet\Unity.VisualScripting.YamlDotNet.dll
Symbol file LoadedFromMemory doesn't match image E:\flappy\FlappyBird\flappy\Library\PackageCache\com.unity.visualscripting@1.8.0\Editor\VisualScripting.Core\Dependencies\DotNetZip\Unity.VisualScripting.IonicZip.dll
Native extension for WindowsStandalone target not found
Native extension for WebGL target not found
Refreshing native plugins compatible for Editor in 0.88 ms, found 3 plugins.
Preloading 0 native plugins for Editor in 0.00 ms.
Mono: successfully reloaded assembly
- Completed reload, in  1.250 seconds
Domain Reload Profiling:
	ReloadAssembly (1251ms)
		BeginReloadAssembly (144ms)
			ExecutionOrderSort (0ms)
			DisableScriptedObjects (4ms)
			BackupInstance (0ms)
			ReleaseScriptingObjects (0ms)
			CreateAndSetChildDomain (39ms)
		EndReloadAssembly (1009ms)
			LoadAssemblies (102ms)
			RebuildTransferFunctionScriptingTraits (0ms)
			SetupTypeCache (273ms)
			ReleaseScriptCaches (2ms)
			RebuildScriptCaches (61ms)
			SetupLoadedEditorAssemblies (539ms)
				LogAssemblyErrors (0ms)
				InitializePlatformSupportModulesInManaged (9ms)
				SetLoadedEditorAssemblies (0ms)
				RefreshPlugins (1ms)
				BeforeProcessingInitializeOnLoad (85ms)
				ProcessInitializeOnLoadAttributes (347ms)
				ProcessInitializeOnLoadMethodAttributes (81ms)
				AfterProcessingInitializeOnLoad (15ms)
				EditorAssembliesLoaded (0ms)
			ExecutionOrderSort2 (0ms)
			AwakeInstancesAfterBackupRestoration (10ms)
Platform modules already initialized, skipping
Refreshing native plugins compatible for Editor in 3.84 ms, found 3 plugins.
Preloading 0 native plugins for Editor in 0.00 ms.
Unloading 4719 Unused Serialized files (Serialized files now loaded: 0)
Unloading 25 unused Assets / (0.7 MB). Loaded Objects now: 5324.
Memory consumption went from 187.0 MB to 186.3 MB.
Total: 7.527600 ms (FindLiveObjects: 0.592300 ms CreateObjectMapping: 0.842000 ms MarkObjects: 5.151100 ms  DeleteObjects: 0.940700 ms)

AssetImportParameters requested are different than current active one (requested -> active):
  custom:video-decoder-ogg-theora: a1e56fd34408186e4bbccfd4996cb3dc -> 
  custom:container-muxer-webm: aa71ff27fc2769a1b78a27578f13a17b -> 
  custom:container-demuxer-webm: 4f35f7cbe854078d1ac9338744f61a02 -> 
  custom:video-encoder-webm-vp8: eb34c28f22e8b96e1ab97ce403110664 -> 
  custom:audio-encoder-webm-vorbis: bf7c407c2cedff20999df2af8eb42d56 -> 
  custom:framework-win-MediaFoundation: 216162199b28c13a410421893ffa2e32 -> 
  custom:container-demuxer-ogg: 62fdf1f143b41e24485cea50d1cbac27 -> 
  custom:video-decoder-webm-vp8: 9c59270c3fd7afecdb556c50c9e8de78 -> 
  custom:audio-decoder-ogg-vorbis: bf7c407c2cedff20999df2af8eb42d56 -> 
========================================================================
Received Import Request.
  Time since last request: 46.698244 seconds.
  path: Assets/Characters/Fred.prefab
  artifactKey: Guid(30dcbec3fbbf2cf4682235f8b89c71d6) Importer(815301076,1909f56bfc062723c751e8b465ee728b)
Start importing Assets/Characters/Fred.prefab using Guid(30dcbec3fbbf2cf4682235f8b89c71d6) Importer(815301076,1909f56bfc062723c751e8b465ee728b)  -> (artifact id: '469fe2a7e27eb1a1ceb34b54c513100d') in 0.057809 seconds 
========================================================================
Received Import Request.
  Time since last request: 0.916634 seconds.
  path: Assets/Characters/Fred.prefab
  artifactKey: Guid(30dcbec3fbbf2cf4682235f8b89c71d6) Importer(815301076,1909f56bfc062723c751e8b465ee728b)
Start importing Assets/Characters/Fred.prefab using Guid(30dcbec3fbbf2cf4682235f8b89c71d6) Importer(815301076,1909f56bfc062723c751e8b465ee728b)  -> (artifact id: '123291bc26a251d090b50a21dc63bdf5') in 0.016611 seconds 
========================================================================
Received Import Request.
  Time since last request: 9.186991 seconds.
  path: Assets/Characters/Fred.prefab
  artifactKey: Guid(30dcbec3fbbf2cf4682235f8b89c71d6) Importer(815301076,1909f56bfc062723c751e8b465ee728b)
Start importing Assets/Characters/Fred.prefab using Guid(30dcbec3fbbf2cf4682235f8b89c71d6) Importer(815301076,1909f56bfc062723c751e8b465ee728b)  -> (artifact id: 'c3560066a04220dc23487b50893a3214') in 0.016645 seconds 
========================================================================
Received Import Request.
  Time since last request: 18.890868 seconds.
  path: Assets/Characters/Snail.prefab
  artifactKey: Guid(1921b208a14fbc944bd62d5023e72ce0) Importer(815301076,1909f56bfc062723c751e8b465ee728b)
Start importing Assets/Characters/Snail.prefab using Guid(1921b208a14fbc944bd62d5023e72ce0) Importer(815301076,1909f56bfc062723c751e8b465ee728b)  -> (artifact id: '1f0f9a97b4841638222100f93785e926') in 0.015813 seconds 
========================================================================
Received Import Request.
  Time since last request: 3.050602 seconds.
  path: Assets/Characters/Snail.prefab
  artifactKey: Guid(1921b208a14fbc944bd62d5023e72ce0) Importer(815301076,1909f56bfc062723c751e8b465ee728b)
Start importing Assets/Characters/Snail.prefab using Guid(1921b208a14fbc944bd62d5023e72ce0) Importer(815301076,1909f56bfc062723c751e8b465ee728b)  -> (artifact id: '758e9f8b0e42315ccfcffa612d2143a4') in 0.010452 seconds 
========================================================================
Received Prepare
Registering precompiled user dll's ...
Registered in 0.004884 seconds.
Begin MonoManager ReloadAssembly
Symbol file LoadedFromMemory doesn't match image E:\flappy\FlappyBird\flappy\Library\PackageCache\com.unity.visualscripting@1.8.0\Editor\VisualScripting.Core\Dependencies\YamlDotNet\Unity.VisualScripting.YamlDotNet.dll
Symbol file LoadedFromMemory doesn't match image E:\flappy\FlappyBird\flappy\Library\PackageCache\com.unity.visualscripting@1.8.0\Editor\VisualScripting.Core\Dependencies\DotNetZip\Unity.VisualScripting.IonicZip.dll
Native extension for WindowsStandalone target not found
Native extension for WebGL target not found
Refreshing native plugins compatible for Editor in 0.91 ms, found 3 plugins.
Preloading 0 native plugins for Editor in 0.00 ms.
Mono: successfully reloaded assembly
- Completed reload, in  1.254 seconds
Domain Reload Profiling:
	ReloadAssembly (1254ms)
		BeginReloadAssembly (139ms)
			ExecutionOrderSort (0ms)
			DisableScriptedObjects (5ms)
			BackupInstance (0ms)
			ReleaseScriptingObjects (0ms)
			CreateAndSetChildDomain (36ms)
		EndReloadAssembly (1016ms)
			LoadAssemblies (97ms)
			RebuildTransferFunctionScriptingTraits (0ms)
			SetupTypeCache (288ms)
			ReleaseScriptCaches (2ms)
			RebuildScriptCaches (52ms)
			SetupLoadedEditorAssemblies (544ms)
				LogAssemblyErrors (0ms)
				InitializePlatformSupportModulesInManaged (10ms)
				SetLoadedEditorAssemblies (1ms)
				RefreshPlugins (1ms)
				BeforeProcessingInitializeOnLoad (90ms)
				ProcessInitializeOnLoadAttributes (346ms)
				ProcessInitializeOnLoadMethodAttributes (83ms)
				AfterProcessingInitializeOnLoad (13ms)
				EditorAssembliesLoaded (0ms)
			ExecutionOrderSort2 (0ms)
			AwakeInstancesAfterBackupRestoration (10ms)
Platform modules already initialized, skipping
Refreshing native plugins compatible for Editor in 4.60 ms, found 3 plugins.
Preloading 0 native plugins for Editor in 0.00 ms.
Unloading 4719 Unused Serialized files (Serialized files now loaded: 0)
Unloading 25 unused Assets / (0.7 MB). Loaded Objects now: 5327.
Memory consumption went from 187.0 MB to 186.3 MB.
Total: 8.462400 ms (FindLiveObjects: 0.490200 ms CreateObjectMapping: 0.679000 ms MarkObjects: 6.766400 ms  DeleteObjects: 0.525700 ms)

AssetImportParameters requested are different than current active one (requested -> active):
  custom:video-decoder-ogg-theora: a1e56fd34408186e4bbccfd4996cb3dc -> 
  custom:container-muxer-webm: aa71ff27fc2769a1b78a27578f13a17b -> 
  custom:container-demuxer-webm: 4f35f7cbe854078d1ac9338744f61a02 -> 
  custom:video-encoder-webm-vp8: eb34c28f22e8b96e1ab97ce403110664 -> 
  custom:audio-encoder-webm-vorbis: bf7c407c2cedff20999df2af8eb42d56 -> 
  custom:framework-win-MediaFoundation: 216162199b28c13a410421893ffa2e32 -> 
  custom:container-demuxer-ogg: 62fdf1f143b41e24485cea50d1cbac27 -> 
  custom:video-decoder-webm-vp8: 9c59270c3fd7afecdb556c50c9e8de78 -> 
  custom:audio-decoder-ogg-vorbis: bf7c407c2cedff20999df2af8eb42d56 -> 
========================================================================
Received Import Request.
  Time since last request: 284.366189 seconds.
  path: Assets/demo-img-1.png
  artifactKey: Guid(e0bb19bb0a149974b8f8c46d6555b9a5) Importer(815301076,1909f56bfc062723c751e8b465ee728b)
Start importing Assets/demo-img-1.png using Guid(e0bb19bb0a149974b8f8c46d6555b9a5) Importer(815301076,1909f56bfc062723c751e8b465ee728b)  -> (artifact id: '010739cd0a2206588948799bc97185a5') in 0.051221 seconds 
========================================================================
Received Import Request.
  Time since last request: 0.000022 seconds.
  path: Assets/demo-img-4.png
  artifactKey: Guid(30b34879ce8ae4f468d375fb6a90520e) Importer(815301076,1909f56bfc062723c751e8b465ee728b)
Start importing Assets/demo-img-4.png using Guid(30b34879ce8ae4f468d375fb6a90520e) Importer(815301076,1909f56bfc062723c751e8b465ee728b)  -> (artifact id: '7a49efa233df09edc0ad6dc2f3532fd7') in 0.013298 seconds 
========================================================================
Received Import Request.
  Time since last request: 46.982892 seconds.
  path: Assets/demo-img-2.png
  artifactKey: Guid(1b24bd41e696ec44e8166dfc8e7e9da2) Importer(815301076,1909f56bfc062723c751e8b465ee728b)
Start importing Assets/demo-img-2.png using Guid(1b24bd41e696ec44e8166dfc8e7e9da2) Importer(815301076,1909f56bfc062723c751e8b465ee728b)  -> (artifact id: 'f4aa7f1ef935ef23da5264b9c6d57e42') in 0.039655 seconds 
========================================================================
Received Import Request.
  Time since last request: 27.249937 seconds.
  path: Assets/demo-img-2.png
  artifactKey: Guid(1b24bd41e696ec44e8166dfc8e7e9da2) Importer(815301076,1909f56bfc062723c751e8b465ee728b)
Start importing Assets/demo-img-2.png using Guid(1b24bd41e696ec44e8166dfc8e7e9da2) Importer(815301076,1909f56bfc062723c751e8b465ee728b)  -> (artifact id: '9eb651e1b99d6a708c0139e09eb9f813') in 0.023479 seconds 
========================================================================
Received Import Request.
  Time since last request: 5.044248 seconds.
  path: Assets/demo-img-2.png
  artifactKey: Guid(1b24bd41e696ec44e8166dfc8e7e9da2) Importer(815301076,1909f56bfc062723c751e8b465ee728b)
Start importing Assets/demo-img-2.png using Guid(1b24bd41e696ec44e8166dfc8e7e9da2) Importer(815301076,1909f56bfc062723c751e8b465ee728b)  -> (artifact id: '9c3b4c30e16722244190cabb34551b90') in 0.041224 seconds 
========================================================================
Received Import Request.
  Time since last request: 17.849312 seconds.
  path: Assets/demo-img-2.png
  artifactKey: Guid(1b24bd41e696ec44e8166dfc8e7e9da2) Importer(815301076,1909f56bfc062723c751e8b465ee728b)
Start importing Assets/demo-img-2.png using Guid(1b24bd41e696ec44e8166dfc8e7e9da2) Importer(815301076,1909f56bfc062723c751e8b465ee728b)  -> (artifact id: 'a56f85c3d0b42a272383bbdd39c4f9c2') in 0.021813 seconds 
========================================================================
Received Import Request.
  Time since last request: 3.545453 seconds.
  path: Assets/demo-img-2.png
  artifactKey: Guid(1b24bd41e696ec44e8166dfc8e7e9da2) Importer(815301076,1909f56bfc062723c751e8b465ee728b)
Start importing Assets/demo-img-2.png using Guid(1b24bd41e696ec44e8166dfc8e7e9da2) Importer(815301076,1909f56bfc062723c751e8b465ee728b)  -> (artifact id: '71f81cc3ba58624ad9768f180340dd91') in 0.014672 seconds 
========================================================================
Received Import Request.
  Time since last request: 20.550887 seconds.
  path: Assets/demo-img-2.png
  artifactKey: Guid(1b24bd41e696ec44e8166dfc8e7e9da2) Importer(815301076,1909f56bfc062723c751e8b465ee728b)
Start importing Assets/demo-img-2.png using Guid(1b24bd41e696ec44e8166dfc8e7e9da2) Importer(815301076,1909f56bfc062723c751e8b465ee728b)  -> (artifact id: '6df89c05b4dd6abbb0a8db9c5cd3ec45') in 0.022882 seconds 
========================================================================
Received Import Request.
  Time since last request: 59.779563 seconds.
  path: Assets/Assets/Bottom.prefab
  artifactKey: Guid(9515e1d0f01698f459ab84ea9295f534) Importer(815301076,1909f56bfc062723c751e8b465ee728b)
Start importing Assets/Assets/Bottom.prefab using Guid(9515e1d0f01698f459ab84ea9295f534) Importer(815301076,1909f56bfc062723c751e8b465ee728b)  -> (artifact id: '2e975baff40325946cc3b34fcd9ef94d') in 0.016894 seconds 
========================================================================
Received Import Request.
  Time since last request: 19.814313 seconds.
  path: Assets/Assets/Painted HQ 2D Forest Medieval Background
  artifactKey: Guid(f614d26bc5e78ab4d85548447cab8d82) Importer(815301076,1909f56bfc062723c751e8b465ee728b)
Start importing Assets/Assets/Painted HQ 2D Forest Medieval Background using Guid(f614d26bc5e78ab4d85548447cab8d82) Importer(815301076,1909f56bfc062723c751e8b465ee728b)  -> (artifact id: '046c6bcefd560bc9620b618bf880ead4') in 0.010152 seconds 
========================================================================
Received Import Request.
  Time since last request: 21.818910 seconds.
  path: Assets/Assets/Bottom.prefab
  artifactKey: Guid(9515e1d0f01698f459ab84ea9295f534) Importer(815301076,1909f56bfc062723c751e8b465ee728b)
Start importing Assets/Assets/Bottom.prefab using Guid(9515e1d0f01698f459ab84ea9295f534) Importer(815301076,1909f56bfc062723c751e8b465ee728b)  -> (artifact id: '0fef181ce5a9851b395f9a2cfde74f75') in 0.026975 seconds 
========================================================================
Received Import Request.
  Time since last request: 30.389410 seconds.
  path: Assets/Assets/NewBottom.prefab
  artifactKey: Guid(52535f81123630b40abb9677ee0f001e) Importer(815301076,1909f56bfc062723c751e8b465ee728b)
Start importing Assets/Assets/NewBottom.prefab using Guid(52535f81123630b40abb9677ee0f001e) Importer(815301076,1909f56bfc062723c751e8b465ee728b)  -> (artifact id: '6bf534026d87c83042ecd9c3173e0fba') in 0.018089 seconds 
========================================================================
Received Prepare
Registering precompiled user dll's ...
Registered in 0.006077 seconds.
Begin MonoManager ReloadAssembly
Symbol file LoadedFromMemory doesn't match image E:\flappy\FlappyBird\flappy\Library\PackageCache\com.unity.visualscripting@1.8.0\Editor\VisualScripting.Core\Dependencies\YamlDotNet\Unity.VisualScripting.YamlDotNet.dll
Symbol file LoadedFromMemory doesn't match image E:\flappy\FlappyBird\flappy\Library\PackageCache\com.unity.visualscripting@1.8.0\Editor\VisualScripting.Core\Dependencies\DotNetZip\Unity.VisualScripting.IonicZip.dll
Native extension for WindowsStandalone target not found
Native extension for WebGL target not found
Refreshing native plugins compatible for Editor in 1.14 ms, found 3 plugins.
Preloading 0 native plugins for Editor in 0.00 ms.
Mono: successfully reloaded assembly
- Completed reload, in  1.299 seconds
Domain Reload Profiling:
	ReloadAssembly (1300ms)
		BeginReloadAssembly (141ms)
			ExecutionOrderSort (0ms)
			DisableScriptedObjects (4ms)
			BackupInstance (0ms)
			ReleaseScriptingObjects (0ms)
			CreateAndSetChildDomain (37ms)
		EndReloadAssembly (1056ms)
			LoadAssemblies (96ms)
			RebuildTransferFunctionScriptingTraits (0ms)
			SetupTypeCache (278ms)
			ReleaseScriptCaches (2ms)
			RebuildScriptCaches (51ms)
			SetupLoadedEditorAssemblies (584ms)
				LogAssemblyErrors (0ms)
				InitializePlatformSupportModulesInManaged (12ms)
				SetLoadedEditorAssemblies (1ms)
				RefreshPlugins (1ms)
				BeforeProcessingInitializeOnLoad (94ms)
				ProcessInitializeOnLoadAttributes (372ms)
				ProcessInitializeOnLoadMethodAttributes (91ms)
				AfterProcessingInitializeOnLoad (14ms)
				EditorAssembliesLoaded (0ms)
			ExecutionOrderSort2 (0ms)
			AwakeInstancesAfterBackupRestoration (11ms)
Platform modules already initialized, skipping
Refreshing native plugins compatible for Editor in 5.87 ms, found 3 plugins.
Preloading 0 native plugins for Editor in 0.00 ms.
Unloading 4719 Unused Serialized files (Serialized files now loaded: 0)
Unloading 25 unused Assets / (0.7 MB). Loaded Objects now: 5338.
Memory consumption went from 187.0 MB to 186.3 MB.
Total: 7.922700 ms (FindLiveObjects: 0.866400 ms CreateObjectMapping: 1.016600 ms MarkObjects: 5.271500 ms  DeleteObjects: 0.766700 ms)

AssetImportParameters requested are different than current active one (requested -> active):
  custom:video-decoder-ogg-theora: a1e56fd34408186e4bbccfd4996cb3dc -> 
  custom:container-muxer-webm: aa71ff27fc2769a1b78a27578f13a17b -> 
  custom:container-demuxer-webm: 4f35f7cbe854078d1ac9338744f61a02 -> 
  custom:video-encoder-webm-vp8: eb34c28f22e8b96e1ab97ce403110664 -> 
  custom:audio-encoder-webm-vorbis: bf7c407c2cedff20999df2af8eb42d56 -> 
  custom:framework-win-MediaFoundation: 216162199b28c13a410421893ffa2e32 -> 
  custom:container-demuxer-ogg: 62fdf1f143b41e24485cea50d1cbac27 -> 
  custom:video-decoder-webm-vp8: 9c59270c3fd7afecdb556c50c9e8de78 -> 
  custom:audio-decoder-ogg-vorbis: bf7c407c2cedff20999df2af8eb42d56 -> 
========================================================================
Received Import Request.
  Time since last request: 37.928097 seconds.
  path: Assets/Assets/NewBottom.prefab
  artifactKey: Guid(52535f81123630b40abb9677ee0f001e) Importer(815301076,1909f56bfc062723c751e8b465ee728b)
Start importing Assets/Assets/NewBottom.prefab using Guid(52535f81123630b40abb9677ee0f001e) Importer(815301076,1909f56bfc062723c751e8b465ee728b)  -> (artifact id: '725093d9af16a1feb6626813e53f1f75') in 0.053024 seconds 
========================================================================
Received Import Request.
  Time since last request: 2.048953 seconds.
  path: Assets/Assets/NewBottom.prefab
  artifactKey: Guid(52535f81123630b40abb9677ee0f001e) Importer(815301076,1909f56bfc062723c751e8b465ee728b)
Start importing Assets/Assets/NewBottom.prefab using Guid(52535f81123630b40abb9677ee0f001e) Importer(815301076,1909f56bfc062723c751e8b465ee728b)  -> (artifact id: '7437d7a2ccf35db85b3316fb2a142385') in 0.023562 seconds 
========================================================================
Received Import Request.
  Time since last request: 4.373852 seconds.
  path: Assets/Assets/NewBottom.prefab
  artifactKey: Guid(52535f81123630b40abb9677ee0f001e) Importer(815301076,1909f56bfc062723c751e8b465ee728b)
Start importing Assets/Assets/NewBottom.prefab using Guid(52535f81123630b40abb9677ee0f001e) Importer(815301076,1909f56bfc062723c751e8b465ee728b)  -> (artifact id: '77c6a6536db7fc8aca486aeaffc63c90') in 0.019722 seconds 
========================================================================
Received Prepare
Registering precompiled user dll's ...
Registered in 0.005511 seconds.
Begin MonoManager ReloadAssembly
Symbol file LoadedFromMemory doesn't match image E:\flappy\FlappyBird\flappy\Library\PackageCache\com.unity.visualscripting@1.8.0\Editor\VisualScripting.Core\Dependencies\YamlDotNet\Unity.VisualScripting.YamlDotNet.dll
Symbol file LoadedFromMemory doesn't match image E:\flappy\FlappyBird\flappy\Library\PackageCache\com.unity.visualscripting@1.8.0\Editor\VisualScripting.Core\Dependencies\DotNetZip\Unity.VisualScripting.IonicZip.dll
Native extension for WindowsStandalone target not found
Native extension for WebGL target not found
Refreshing native plugins compatible for Editor in 0.95 ms, found 3 plugins.
Preloading 0 native plugins for Editor in 0.00 ms.
Mono: successfully reloaded assembly
- Completed reload, in  1.246 seconds
Domain Reload Profiling:
	ReloadAssembly (1247ms)
		BeginReloadAssembly (145ms)
			ExecutionOrderSort (0ms)
			DisableScriptedObjects (4ms)
			BackupInstance (0ms)
			ReleaseScriptingObjects (0ms)
			CreateAndSetChildDomain (38ms)
		EndReloadAssembly (1000ms)
			LoadAssemblies (101ms)
			RebuildTransferFunctionScriptingTraits (0ms)
			SetupTypeCache (263ms)
			ReleaseScriptCaches (2ms)
			RebuildScriptCaches (53ms)
			SetupLoadedEditorAssemblies (549ms)
				LogAssemblyErrors (0ms)
				InitializePlatformSupportModulesInManaged (11ms)
				SetLoadedEditorAssemblies (1ms)
				RefreshPlugins (1ms)
				BeforeProcessingInitializeOnLoad (86ms)
				ProcessInitializeOnLoadAttributes (355ms)
				ProcessInitializeOnLoadMethodAttributes (81ms)
				AfterProcessingInitializeOnLoad (14ms)
				EditorAssembliesLoaded (0ms)
			ExecutionOrderSort2 (0ms)
			AwakeInstancesAfterBackupRestoration (9ms)
Platform modules already initialized, skipping
Refreshing native plugins compatible for Editor in 3.73 ms, found 3 plugins.
Preloading 0 native plugins for Editor in 0.00 ms.
Unloading 4719 Unused Serialized files (Serialized files now loaded: 0)
Unloading 25 unused Assets / (0.7 MB). Loaded Objects now: 5341.
Memory consumption went from 187.1 MB to 186.3 MB.
Total: 6.664200 ms (FindLiveObjects: 0.628700 ms CreateObjectMapping: 0.587700 ms MarkObjects: 4.771700 ms  DeleteObjects: 0.674800 ms)

AssetImportParameters requested are different than current active one (requested -> active):
  custom:video-decoder-ogg-theora: a1e56fd34408186e4bbccfd4996cb3dc -> 
  custom:container-muxer-webm: aa71ff27fc2769a1b78a27578f13a17b -> 
  custom:container-demuxer-webm: 4f35f7cbe854078d1ac9338744f61a02 -> 
  custom:video-encoder-webm-vp8: eb34c28f22e8b96e1ab97ce403110664 -> 
  custom:audio-encoder-webm-vorbis: bf7c407c2cedff20999df2af8eb42d56 -> 
  custom:framework-win-MediaFoundation: 216162199b28c13a410421893ffa2e32 -> 
  custom:container-demuxer-ogg: 62fdf1f143b41e24485cea50d1cbac27 -> 
  custom:video-decoder-webm-vp8: 9c59270c3fd7afecdb556c50c9e8de78 -> 
  custom:audio-decoder-ogg-vorbis: bf7c407c2cedff20999df2af8eb42d56 -> 
========================================================================
Received Prepare
Registering precompiled user dll's ...
Registered in 0.005020 seconds.
Begin MonoManager ReloadAssembly
Symbol file LoadedFromMemory doesn't match image E:\flappy\FlappyBird\flappy\Library\PackageCache\com.unity.visualscripting@1.8.0\Editor\VisualScripting.Core\Dependencies\YamlDotNet\Unity.VisualScripting.YamlDotNet.dll
Symbol file LoadedFromMemory doesn't match image E:\flappy\FlappyBird\flappy\Library\PackageCache\com.unity.visualscripting@1.8.0\Editor\VisualScripting.Core\Dependencies\DotNetZip\Unity.VisualScripting.IonicZip.dll
Native extension for WindowsStandalone target not found
Native extension for WebGL target not found
Refreshing native plugins compatible for Editor in 0.83 ms, found 3 plugins.
Preloading 0 native plugins for Editor in 0.00 ms.
Mono: successfully reloaded assembly
- Completed reload, in  1.262 seconds
Domain Reload Profiling:
	ReloadAssembly (1263ms)
		BeginReloadAssembly (142ms)
			ExecutionOrderSort (0ms)
			DisableScriptedObjects (5ms)
			BackupInstance (0ms)
			ReleaseScriptingObjects (0ms)
			CreateAndSetChildDomain (35ms)
		EndReloadAssembly (1021ms)
			LoadAssemblies (103ms)
			RebuildTransferFunctionScriptingTraits (0ms)
			SetupTypeCache (289ms)
			ReleaseScriptCaches (2ms)
			RebuildScriptCaches (48ms)
			SetupLoadedEditorAssemblies (544ms)
				LogAssemblyErrors (0ms)
				InitializePlatformSupportModulesInManaged (9ms)
				SetLoadedEditorAssemblies (1ms)
				RefreshPlugins (1ms)
				BeforeProcessingInitializeOnLoad (85ms)
				ProcessInitializeOnLoadAttributes (351ms)
				ProcessInitializeOnLoadMethodAttributes (83ms)
				AfterProcessingInitializeOnLoad (14ms)
				EditorAssembliesLoaded (0ms)
			ExecutionOrderSort2 (0ms)
			AwakeInstancesAfterBackupRestoration (8ms)
Platform modules already initialized, skipping
Refreshing native plugins compatible for Editor in 4.06 ms, found 3 plugins.
Preloading 0 native plugins for Editor in 0.00 ms.
Unloading 4719 Unused Serialized files (Serialized files now loaded: 0)
Unloading 25 unused Assets / (0.7 MB). Loaded Objects now: 5344.
Memory consumption went from 186.9 MB to 186.2 MB.
Total: 7.111600 ms (FindLiveObjects: 0.544400 ms CreateObjectMapping: 0.566400 ms MarkObjects: 5.452600 ms  DeleteObjects: 0.547100 ms)

AssetImportParameters requested are different than current active one (requested -> active):
  custom:video-decoder-ogg-theora: a1e56fd34408186e4bbccfd4996cb3dc -> 
  custom:container-muxer-webm: aa71ff27fc2769a1b78a27578f13a17b -> 
  custom:container-demuxer-webm: 4f35f7cbe854078d1ac9338744f61a02 -> 
  custom:video-encoder-webm-vp8: eb34c28f22e8b96e1ab97ce403110664 -> 
  custom:audio-encoder-webm-vorbis: bf7c407c2cedff20999df2af8eb42d56 -> 
  custom:framework-win-MediaFoundation: 216162199b28c13a410421893ffa2e32 -> 
  custom:container-demuxer-ogg: 62fdf1f143b41e24485cea50d1cbac27 -> 
  custom:video-decoder-webm-vp8: 9c59270c3fd7afecdb556c50c9e8de78 -> 
  custom:audio-decoder-ogg-vorbis: bf7c407c2cedff20999df2af8eb42d56 -> 
========================================================================
Received Prepare
Registering precompiled user dll's ...
Registered in 0.005029 seconds.
Begin MonoManager ReloadAssembly
Symbol file LoadedFromMemory doesn't match image E:\flappy\FlappyBird\flappy\Library\PackageCache\com.unity.visualscripting@1.8.0\Editor\VisualScripting.Core\Dependencies\YamlDotNet\Unity.VisualScripting.YamlDotNet.dll
Symbol file LoadedFromMemory doesn't match image E:\flappy\FlappyBird\flappy\Library\PackageCache\com.unity.visualscripting@1.8.0\Editor\VisualScripting.Core\Dependencies\DotNetZip\Unity.VisualScripting.IonicZip.dll
Native extension for WindowsStandalone target not found
Native extension for WebGL target not found
Refreshing native plugins compatible for Editor in 0.90 ms, found 3 plugins.
Preloading 0 native plugins for Editor in 0.00 ms.
Mono: successfully reloaded assembly
- Completed reload, in  1.340 seconds
Domain Reload Profiling:
	ReloadAssembly (1341ms)
		BeginReloadAssembly (150ms)
			ExecutionOrderSort (0ms)
			DisableScriptedObjects (6ms)
			BackupInstance (0ms)
			ReleaseScriptingObjects (0ms)
			CreateAndSetChildDomain (44ms)
		EndReloadAssembly (1091ms)
			LoadAssemblies (99ms)
			RebuildTransferFunctionScriptingTraits (0ms)
			SetupTypeCache (278ms)
			ReleaseScriptCaches (2ms)
			RebuildScriptCaches (47ms)
			SetupLoadedEditorAssemblies (628ms)
				LogAssemblyErrors (0ms)
				InitializePlatformSupportModulesInManaged (8ms)
				SetLoadedEditorAssemblies (0ms)
				RefreshPlugins (1ms)
				BeforeProcessingInitializeOnLoad (95ms)
				ProcessInitializeOnLoadAttributes (408ms)
				ProcessInitializeOnLoadMethodAttributes (103ms)
				AfterProcessingInitializeOnLoad (13ms)
				EditorAssembliesLoaded (0ms)
			ExecutionOrderSort2 (0ms)
			AwakeInstancesAfterBackupRestoration (9ms)
Platform modules already initialized, skipping
Refreshing native plugins compatible for Editor in 4.11 ms, found 3 plugins.
Preloading 0 native plugins for Editor in 0.00 ms.
Unloading 4719 Unused Serialized files (Serialized files now loaded: 0)
Unloading 25 unused Assets / (0.7 MB). Loaded Objects now: 5347.
Memory consumption went from 187.1 MB to 186.4 MB.
Total: 7.960900 ms (FindLiveObjects: 0.528300 ms CreateObjectMapping: 0.629300 ms MarkObjects: 6.220800 ms  DeleteObjects: 0.581300 ms)

AssetImportParameters requested are different than current active one (requested -> active):
  custom:video-decoder-ogg-theora: a1e56fd34408186e4bbccfd4996cb3dc -> 
  custom:container-muxer-webm: aa71ff27fc2769a1b78a27578f13a17b -> 
  custom:container-demuxer-webm: 4f35f7cbe854078d1ac9338744f61a02 -> 
  custom:video-encoder-webm-vp8: eb34c28f22e8b96e1ab97ce403110664 -> 
  custom:audio-encoder-webm-vorbis: bf7c407c2cedff20999df2af8eb42d56 -> 
  custom:framework-win-MediaFoundation: 216162199b28c13a410421893ffa2e32 -> 
  custom:container-demuxer-ogg: 62fdf1f143b41e24485cea50d1cbac27 -> 
  custom:video-decoder-webm-vp8: 9c59270c3fd7afecdb556c50c9e8de78 -> 
  custom:audio-decoder-ogg-vorbis: bf7c407c2cedff20999df2af8eb42d56 -> 
========================================================================
Received Import Request.
  Time since last request: 1628.728631 seconds.
  path: Assets/pipe-green.png
  artifactKey: Guid(2eb59d3c62b776a45b580032c6643538) Importer(815301076,1909f56bfc062723c751e8b465ee728b)
Start importing Assets/pipe-green.png using Guid(2eb59d3c62b776a45b580032c6643538) Importer(815301076,1909f56bfc062723c751e8b465ee728b)  -> (artifact id: 'f18b2e82ede0f51fd64d0261d6971e53') in 0.067483 seconds 
========================================================================
Received Import Request.
  Time since last request: 26.614542 seconds.
  path: Assets/Assets/pipe-green.png
  artifactKey: Guid(2eb59d3c62b776a45b580032c6643538) Importer(815301076,1909f56bfc062723c751e8b465ee728b)
Start importing Assets/Assets/pipe-green.png using Guid(2eb59d3c62b776a45b580032c6643538) Importer(815301076,1909f56bfc062723c751e8b465ee728b)  -> (artifact id: '9bbf7627fafe3775ee511e00a97cac02') in 0.030593 seconds 
========================================================================
Received Import Request.
  Time since last request: 3.595823 seconds.
  path: Assets/Assets/Bottom.prefab
  artifactKey: Guid(9515e1d0f01698f459ab84ea9295f534) Importer(815301076,1909f56bfc062723c751e8b465ee728b)
Start importing Assets/Assets/Bottom.prefab using Guid(9515e1d0f01698f459ab84ea9295f534) Importer(815301076,1909f56bfc062723c751e8b465ee728b)  -> (artifact id: 'd302a0241e1c1b027d8d99aefe84c309') in 0.044293 seconds 
========================================================================
Received Prepare
Registering precompiled user dll's ...
Registered in 0.004921 seconds.
Begin MonoManager ReloadAssembly
Symbol file LoadedFromMemory doesn't match image E:\flappy\FlappyBird\flappy\Library\PackageCache\com.unity.visualscripting@1.8.0\Editor\VisualScripting.Core\Dependencies\YamlDotNet\Unity.VisualScripting.YamlDotNet.dll
Symbol file LoadedFromMemory doesn't match image E:\flappy\FlappyBird\flappy\Library\PackageCache\com.unity.visualscripting@1.8.0\Editor\VisualScripting.Core\Dependencies\DotNetZip\Unity.VisualScripting.IonicZip.dll
Native extension for WindowsStandalone target not found
Native extension for WebGL target not found
Refreshing native plugins compatible for Editor in 0.86 ms, found 3 plugins.
Preloading 0 native plugins for Editor in 0.00 ms.
Mono: successfully reloaded assembly
- Completed reload, in  1.258 seconds
Domain Reload Profiling:
	ReloadAssembly (1259ms)
		BeginReloadAssembly (138ms)
			ExecutionOrderSort (0ms)
			DisableScriptedObjects (4ms)
			BackupInstance (0ms)
			ReleaseScriptingObjects (0ms)
			CreateAndSetChildDomain (36ms)
		EndReloadAssembly (1026ms)
			LoadAssemblies (99ms)
			RebuildTransferFunctionScriptingTraits (0ms)
			SetupTypeCache (275ms)
			ReleaseScriptCaches (2ms)
			RebuildScriptCaches (54ms)
			SetupLoadedEditorAssemblies (563ms)
				LogAssemblyErrors (0ms)
				InitializePlatformSupportModulesInManaged (8ms)
				SetLoadedEditorAssemblies (0ms)
				RefreshPlugins (1ms)
				BeforeProcessingInitializeOnLoad (87ms)
				ProcessInitializeOnLoadAttributes (367ms)
				ProcessInitializeOnLoadMethodAttributes (85ms)
				AfterProcessingInitializeOnLoad (14ms)
				EditorAssembliesLoaded (0ms)
			ExecutionOrderSort2 (0ms)
			AwakeInstancesAfterBackupRestoration (9ms)
Platform modules already initialized, skipping
Refreshing native plugins compatible for Editor in 4.77 ms, found 3 plugins.
Preloading 0 native plugins for Editor in 0.00 ms.
Unloading 4719 Unused Serialized files (Serialized files now loaded: 0)
Unloading 25 unused Assets / (0.7 MB). Loaded Objects now: 5354.
Memory consumption went from 187.1 MB to 186.4 MB.
Total: 7.853400 ms (FindLiveObjects: 0.575300 ms CreateObjectMapping: 0.624800 ms MarkObjects: 5.744200 ms  DeleteObjects: 0.907500 ms)

AssetImportParameters requested are different than current active one (requested -> active):
  custom:video-decoder-ogg-theora: a1e56fd34408186e4bbccfd4996cb3dc -> 
  custom:container-muxer-webm: aa71ff27fc2769a1b78a27578f13a17b -> 
  custom:container-demuxer-webm: 4f35f7cbe854078d1ac9338744f61a02 -> 
  custom:video-encoder-webm-vp8: eb34c28f22e8b96e1ab97ce403110664 -> 
  custom:audio-encoder-webm-vorbis: bf7c407c2cedff20999df2af8eb42d56 -> 
  custom:framework-win-MediaFoundation: 216162199b28c13a410421893ffa2e32 -> 
  custom:container-demuxer-ogg: 62fdf1f143b41e24485cea50d1cbac27 -> 
  custom:video-decoder-webm-vp8: 9c59270c3fd7afecdb556c50c9e8de78 -> 
  custom:audio-decoder-ogg-vorbis: bf7c407c2cedff20999df2af8eb42d56 -> 
========================================================================
Received Import Request.
  Time since last request: 18.549225 seconds.
  path: Assets/Assets/Bottom.prefab
  artifactKey: Guid(9515e1d0f01698f459ab84ea9295f534) Importer(815301076,1909f56bfc062723c751e8b465ee728b)
Start importing Assets/Assets/Bottom.prefab using Guid(9515e1d0f01698f459ab84ea9295f534) Importer(815301076,1909f56bfc062723c751e8b465ee728b)  -> (artifact id: 'e97c068ad98df6518da17a394f837c30') in 0.055278 seconds 
========================================================================
Received Prepare
Registering precompiled user dll's ...
Registered in 0.005505 seconds.
Begin MonoManager ReloadAssembly
Symbol file LoadedFromMemory doesn't match image E:\flappy\FlappyBird\flappy\Library\PackageCache\com.unity.visualscripting@1.8.0\Editor\VisualScripting.Core\Dependencies\YamlDotNet\Unity.VisualScripting.YamlDotNet.dll
Symbol file LoadedFromMemory doesn't match image E:\flappy\FlappyBird\flappy\Library\PackageCache\com.unity.visualscripting@1.8.0\Editor\VisualScripting.Core\Dependencies\DotNetZip\Unity.VisualScripting.IonicZip.dll
Native extension for WindowsStandalone target not found
Native extension for WebGL target not found
Refreshing native plugins compatible for Editor in 0.88 ms, found 3 plugins.
Preloading 0 native plugins for Editor in 0.00 ms.
Mono: successfully reloaded assembly
- Completed reload, in  1.293 seconds
Domain Reload Profiling:
	ReloadAssembly (1294ms)
		BeginReloadAssembly (139ms)
			ExecutionOrderSort (0ms)
			DisableScriptedObjects (4ms)
			BackupInstance (0ms)
			ReleaseScriptingObjects (0ms)
			CreateAndSetChildDomain (35ms)
		EndReloadAssembly (1046ms)
			LoadAssemblies (100ms)
			RebuildTransferFunctionScriptingTraits (0ms)
			SetupTypeCache (267ms)
			ReleaseScriptCaches (2ms)
			RebuildScriptCaches (53ms)
			SetupLoadedEditorAssemblies (587ms)
				LogAssemblyErrors (0ms)
				InitializePlatformSupportModulesInManaged (9ms)
				SetLoadedEditorAssemblies (0ms)
				RefreshPlugins (1ms)
				BeforeProcessingInitializeOnLoad (89ms)
				ProcessInitializeOnLoadAttributes (384ms)
				ProcessInitializeOnLoadMethodAttributes (91ms)
				AfterProcessingInitializeOnLoad (13ms)
				EditorAssembliesLoaded (0ms)
			ExecutionOrderSort2 (0ms)
			AwakeInstancesAfterBackupRestoration (8ms)
Platform modules already initialized, skipping
Refreshing native plugins compatible for Editor in 5.30 ms, found 3 plugins.
Preloading 0 native plugins for Editor in 0.00 ms.
Unloading 4719 Unused Serialized files (Serialized files now loaded: 0)
Unloading 25 unused Assets / (0.7 MB). Loaded Objects now: 5357.
Memory consumption went from 187.1 MB to 186.4 MB.
Total: 7.924800 ms (FindLiveObjects: 0.505300 ms CreateObjectMapping: 0.481900 ms MarkObjects: 6.368300 ms  DeleteObjects: 0.568000 ms)

AssetImportParameters requested are different than current active one (requested -> active):
  custom:video-decoder-ogg-theora: a1e56fd34408186e4bbccfd4996cb3dc -> 
  custom:container-muxer-webm: aa71ff27fc2769a1b78a27578f13a17b -> 
  custom:container-demuxer-webm: 4f35f7cbe854078d1ac9338744f61a02 -> 
  custom:video-encoder-webm-vp8: eb34c28f22e8b96e1ab97ce403110664 -> 
  custom:audio-encoder-webm-vorbis: bf7c407c2cedff20999df2af8eb42d56 -> 
  custom:framework-win-MediaFoundation: 216162199b28c13a410421893ffa2e32 -> 
  custom:container-demuxer-ogg: 62fdf1f143b41e24485cea50d1cbac27 -> 
  custom:video-decoder-webm-vp8: 9c59270c3fd7afecdb556c50c9e8de78 -> 
  custom:audio-decoder-ogg-vorbis: bf7c407c2cedff20999df2af8eb42d56 -> 
========================================================================
Received Import Request.
  Time since last request: 6.518919 seconds.
  path: Assets/Assets/Bottom.prefab
  artifactKey: Guid(9515e1d0f01698f459ab84ea9295f534) Importer(815301076,1909f56bfc062723c751e8b465ee728b)
Start importing Assets/Assets/Bottom.prefab using Guid(9515e1d0f01698f459ab84ea9295f534) Importer(815301076,1909f56bfc062723c751e8b465ee728b)  -> (artifact id: 'b10173c07d79f06290310a534cb4155c') in 0.133974 seconds 
========================================================================
Received Import Request.
  Time since last request: 9.300799 seconds.
  path: Assets/Assets/Bottom.prefab
  artifactKey: Guid(9515e1d0f01698f459ab84ea9295f534) Importer(815301076,1909f56bfc062723c751e8b465ee728b)
Start importing Assets/Assets/Bottom.prefab using Guid(9515e1d0f01698f459ab84ea9295f534) Importer(815301076,1909f56bfc062723c751e8b465ee728b)  -> (artifact id: 'e5705a4c920ed8e2cdf6978dab194d9b') in 0.014475 seconds 
========================================================================
Received Prepare
Registering precompiled user dll's ...
Registered in 0.004884 seconds.
Begin MonoManager ReloadAssembly
Symbol file LoadedFromMemory doesn't match image E:\flappy\FlappyBird\flappy\Library\PackageCache\com.unity.visualscripting@1.8.0\Editor\VisualScripting.Core\Dependencies\YamlDotNet\Unity.VisualScripting.YamlDotNet.dll
Symbol file LoadedFromMemory doesn't match image E:\flappy\FlappyBird\flappy\Library\PackageCache\com.unity.visualscripting@1.8.0\Editor\VisualScripting.Core\Dependencies\DotNetZip\Unity.VisualScripting.IonicZip.dll
Native extension for WindowsStandalone target not found
Native extension for WebGL target not found
Refreshing native plugins compatible for Editor in 0.98 ms, found 3 plugins.
Preloading 0 native plugins for Editor in 0.00 ms.
Mono: successfully reloaded assembly
- Completed reload, in  1.281 seconds
Domain Reload Profiling:
	ReloadAssembly (1281ms)
		BeginReloadAssembly (142ms)
			ExecutionOrderSort (0ms)
			DisableScriptedObjects (4ms)
			BackupInstance (0ms)
			ReleaseScriptingObjects (0ms)
			CreateAndSetChildDomain (35ms)
		EndReloadAssembly (1038ms)
			LoadAssemblies (103ms)
			RebuildTransferFunctionScriptingTraits (0ms)
			SetupTypeCache (276ms)
			ReleaseScriptCaches (2ms)
			RebuildScriptCaches (56ms)
			SetupLoadedEditorAssemblies (561ms)
				LogAssemblyErrors (0ms)
				InitializePlatformSupportModulesInManaged (10ms)
				SetLoadedEditorAssemblies (1ms)
				RefreshPlugins (1ms)
				BeforeProcessingInitializeOnLoad (88ms)
				ProcessInitializeOnLoadAttributes (364ms)
				ProcessInitializeOnLoadMethodAttributes (84ms)
				AfterProcessingInitializeOnLoad (14ms)
				EditorAssembliesLoaded (0ms)
			ExecutionOrderSort2 (0ms)
			AwakeInstancesAfterBackupRestoration (10ms)
Platform modules already initialized, skipping
Refreshing native plugins compatible for Editor in 7.01 ms, found 3 plugins.
Preloading 0 native plugins for Editor in 0.00 ms.
Unloading 4719 Unused Serialized files (Serialized files now loaded: 0)
Unloading 25 unused Assets / (0.7 MB). Loaded Objects now: 5360.
Memory consumption went from 187.1 MB to 186.4 MB.
Total: 11.061200 ms (FindLiveObjects: 0.890300 ms CreateObjectMapping: 0.994700 ms MarkObjects: 7.901700 ms  DeleteObjects: 1.273100 ms)

AssetImportParameters requested are different than current active one (requested -> active):
  custom:video-decoder-ogg-theora: a1e56fd34408186e4bbccfd4996cb3dc -> 
  custom:container-muxer-webm: aa71ff27fc2769a1b78a27578f13a17b -> 
  custom:container-demuxer-webm: 4f35f7cbe854078d1ac9338744f61a02 -> 
  custom:video-encoder-webm-vp8: eb34c28f22e8b96e1ab97ce403110664 -> 
  custom:audio-encoder-webm-vorbis: bf7c407c2cedff20999df2af8eb42d56 -> 
  custom:framework-win-MediaFoundation: 216162199b28c13a410421893ffa2e32 -> 
  custom:container-demuxer-ogg: 62fdf1f143b41e24485cea50d1cbac27 -> 
  custom:video-decoder-webm-vp8: 9c59270c3fd7afecdb556c50c9e8de78 -> 
  custom:audio-decoder-ogg-vorbis: bf7c407c2cedff20999df2af8eb42d56 -> 
========================================================================
Received Prepare
Registering precompiled user dll's ...
Registered in 0.004839 seconds.
Begin MonoManager ReloadAssembly
Symbol file LoadedFromMemory doesn't match image E:\flappy\FlappyBird\flappy\Library\PackageCache\com.unity.visualscripting@1.8.0\Editor\VisualScripting.Core\Dependencies\YamlDotNet\Unity.VisualScripting.YamlDotNet.dll
Symbol file LoadedFromMemory doesn't match image E:\flappy\FlappyBird\flappy\Library\PackageCache\com.unity.visualscripting@1.8.0\Editor\VisualScripting.Core\Dependencies\DotNetZip\Unity.VisualScripting.IonicZip.dll
Native extension for WindowsStandalone target not found
Native extension for WebGL target not found
Refreshing native plugins compatible for Editor in 1.32 ms, found 3 plugins.
Preloading 0 native plugins for Editor in 0.00 ms.
Mono: successfully reloaded assembly
- Completed reload, in  1.260 seconds
Domain Reload Profiling:
	ReloadAssembly (1261ms)
		BeginReloadAssembly (144ms)
			ExecutionOrderSort (0ms)
			DisableScriptedObjects (5ms)
			BackupInstance (0ms)
			ReleaseScriptingObjects (0ms)
			CreateAndSetChildDomain (38ms)
		EndReloadAssembly (1018ms)
			LoadAssemblies (102ms)
			RebuildTransferFunctionScriptingTraits (0ms)
			SetupTypeCache (265ms)
			ReleaseScriptCaches (2ms)
			RebuildScriptCaches (52ms)
			SetupLoadedEditorAssemblies (561ms)
				LogAssemblyErrors (0ms)
				InitializePlatformSupportModulesInManaged (9ms)
				SetLoadedEditorAssemblies (0ms)
				RefreshPlugins (1ms)
				BeforeProcessingInitializeOnLoad (88ms)
				ProcessInitializeOnLoadAttributes (357ms)
				ProcessInitializeOnLoadMethodAttributes (90ms)
				AfterProcessingInitializeOnLoad (15ms)
				EditorAssembliesLoaded (0ms)
			ExecutionOrderSort2 (0ms)
			AwakeInstancesAfterBackupRestoration (9ms)
Platform modules already initialized, skipping
Refreshing native plugins compatible for Editor in 4.49 ms, found 3 plugins.
Preloading 0 native plugins for Editor in 0.00 ms.
Unloading 4719 Unused Serialized files (Serialized files now loaded: 0)
Unloading 25 unused Assets / (0.7 MB). Loaded Objects now: 5363.
Memory consumption went from 186.9 MB to 186.2 MB.
Total: 9.252100 ms (FindLiveObjects: 0.912300 ms CreateObjectMapping: 1.511800 ms MarkObjects: 5.894700 ms  DeleteObjects: 0.931800 ms)

AssetImportParameters requested are different than current active one (requested -> active):
  custom:video-decoder-ogg-theora: a1e56fd34408186e4bbccfd4996cb3dc -> 
  custom:container-muxer-webm: aa71ff27fc2769a1b78a27578f13a17b -> 
  custom:container-demuxer-webm: 4f35f7cbe854078d1ac9338744f61a02 -> 
  custom:video-encoder-webm-vp8: eb34c28f22e8b96e1ab97ce403110664 -> 
  custom:audio-encoder-webm-vorbis: bf7c407c2cedff20999df2af8eb42d56 -> 
  custom:framework-win-MediaFoundation: 216162199b28c13a410421893ffa2e32 -> 
  custom:container-demuxer-ogg: 62fdf1f143b41e24485cea50d1cbac27 -> 
  custom:video-decoder-webm-vp8: 9c59270c3fd7afecdb556c50c9e8de78 -> 
  custom:audio-decoder-ogg-vorbis: bf7c407c2cedff20999df2af8eb42d56 -> 
========================================================================
Received Prepare
Refreshing native plugins compatible for Editor in 8.04 ms, found 3 plugins.
Preloading 0 native plugins for Editor in 0.00 ms.
Unloading 25 Unused Serialized files (Serialized files now loaded: 0)
Unloading 25 unused Assets / (0.7 MB). Loaded Objects now: 5363.
Memory consumption went from 92.9 MB to 92.2 MB.
Total: 7.738000 ms (FindLiveObjects: 0.546400 ms CreateObjectMapping: 0.542200 ms MarkObjects: 6.011700 ms  DeleteObjects: 0.636000 ms)

AssetImportParameters requested are different than current active one (requested -> active):
  custom:video-decoder-ogg-theora: a1e56fd34408186e4bbccfd4996cb3dc -> 
  custom:container-muxer-webm: aa71ff27fc2769a1b78a27578f13a17b -> 
  custom:container-demuxer-webm: 4f35f7cbe854078d1ac9338744f61a02 -> 
  custom:video-encoder-webm-vp8: eb34c28f22e8b96e1ab97ce403110664 -> 
  custom:audio-encoder-webm-vorbis: bf7c407c2cedff20999df2af8eb42d56 -> 
  custom:framework-win-MediaFoundation: 216162199b28c13a410421893ffa2e32 -> 
  custom:container-demuxer-ogg: 62fdf1f143b41e24485cea50d1cbac27 -> 
  custom:video-decoder-webm-vp8: 9c59270c3fd7afecdb556c50c9e8de78 -> 
  custom:audio-decoder-ogg-vorbis: bf7c407c2cedff20999df2af8eb42d56 -> 
========================================================================
Received Prepare
Registering precompiled user dll's ...
Registered in 0.005038 seconds.
Begin MonoManager ReloadAssembly
Symbol file LoadedFromMemory doesn't match image E:\flappy\FlappyBird\flappy\Library\PackageCache\com.unity.visualscripting@1.8.0\Editor\VisualScripting.Core\Dependencies\YamlDotNet\Unity.VisualScripting.YamlDotNet.dll
Symbol file LoadedFromMemory doesn't match image E:\flappy\FlappyBird\flappy\Library\PackageCache\com.unity.visualscripting@1.8.0\Editor\VisualScripting.Core\Dependencies\DotNetZip\Unity.VisualScripting.IonicZip.dll
Native extension for WindowsStandalone target not found
Native extension for WebGL target not found
Refreshing native plugins compatible for Editor in 1.00 ms, found 3 plugins.
Preloading 0 native plugins for Editor in 0.00 ms.
Mono: successfully reloaded assembly
- Completed reload, in  1.265 seconds
Domain Reload Profiling:
	ReloadAssembly (1266ms)
		BeginReloadAssembly (148ms)
			ExecutionOrderSort (0ms)
			DisableScriptedObjects (5ms)
			BackupInstance (0ms)
			ReleaseScriptingObjects (0ms)
			CreateAndSetChildDomain (36ms)
		EndReloadAssembly (1007ms)
			LoadAssemblies (106ms)
			RebuildTransferFunctionScriptingTraits (0ms)
			SetupTypeCache (275ms)
			ReleaseScriptCaches (2ms)
			RebuildScriptCaches (44ms)
			SetupLoadedEditorAssemblies (560ms)
				LogAssemblyErrors (0ms)
				InitializePlatformSupportModulesInManaged (11ms)
				SetLoadedEditorAssemblies (1ms)
				RefreshPlugins (1ms)
				BeforeProcessingInitializeOnLoad (85ms)
				ProcessInitializeOnLoadAttributes (364ms)
				ProcessInitializeOnLoadMethodAttributes (84ms)
				AfterProcessingInitializeOnLoad (13ms)
				EditorAssembliesLoaded (0ms)
			ExecutionOrderSort2 (0ms)
			AwakeInstancesAfterBackupRestoration (9ms)
Platform modules already initialized, skipping
Refreshing native plugins compatible for Editor in 3.61 ms, found 3 plugins.
Preloading 0 native plugins for Editor in 0.00 ms.
Unloading 4719 Unused Serialized files (Serialized files now loaded: 0)
Unloading 25 unused Assets / (0.7 MB). Loaded Objects now: 5366.
Memory consumption went from 187.1 MB to 186.4 MB.
Total: 7.068200 ms (FindLiveObjects: 0.521500 ms CreateObjectMapping: 0.482300 ms MarkObjects: 5.284500 ms  DeleteObjects: 0.778200 ms)

AssetImportParameters requested are different than current active one (requested -> active):
  custom:video-decoder-ogg-theora: a1e56fd34408186e4bbccfd4996cb3dc -> 
  custom:container-muxer-webm: aa71ff27fc2769a1b78a27578f13a17b -> 
  custom:container-demuxer-webm: 4f35f7cbe854078d1ac9338744f61a02 -> 
  custom:video-encoder-webm-vp8: eb34c28f22e8b96e1ab97ce403110664 -> 
  custom:audio-encoder-webm-vorbis: bf7c407c2cedff20999df2af8eb42d56 -> 
  custom:framework-win-MediaFoundation: 216162199b28c13a410421893ffa2e32 -> 
  custom:container-demuxer-ogg: 62fdf1f143b41e24485cea50d1cbac27 -> 
  custom:video-decoder-webm-vp8: 9c59270c3fd7afecdb556c50c9e8de78 -> 
  custom:audio-decoder-ogg-vorbis: bf7c407c2cedff20999df2af8eb42d56 -> 
========================================================================
Received Prepare
Registering precompiled user dll's ...
Registered in 0.005721 seconds.
Begin MonoManager ReloadAssembly
Symbol file LoadedFromMemory doesn't match image E:\flappy\FlappyBird\flappy\Library\PackageCache\com.unity.visualscripting@1.8.0\Editor\VisualScripting.Core\Dependencies\YamlDotNet\Unity.VisualScripting.YamlDotNet.dll
Symbol file LoadedFromMemory doesn't match image E:\flappy\FlappyBird\flappy\Library\PackageCache\com.unity.visualscripting@1.8.0\Editor\VisualScripting.Core\Dependencies\DotNetZip\Unity.VisualScripting.IonicZip.dll
Native extension for WindowsStandalone target not found
Native extension for WebGL target not found
Refreshing native plugins compatible for Editor in 1.06 ms, found 3 plugins.
Preloading 0 native plugins for Editor in 0.00 ms.
Mono: successfully reloaded assembly
- Completed reload, in  1.258 seconds
Domain Reload Profiling:
	ReloadAssembly (1258ms)
		BeginReloadAssembly (137ms)
			ExecutionOrderSort (0ms)
			DisableScriptedObjects (7ms)
			BackupInstance (0ms)
			ReleaseScriptingObjects (0ms)
			CreateAndSetChildDomain (36ms)
		EndReloadAssembly (1016ms)
			LoadAssemblies (93ms)
			RebuildTransferFunctionScriptingTraits (0ms)
			SetupTypeCache (291ms)
			ReleaseScriptCaches (2ms)
			RebuildScriptCaches (50ms)
			SetupLoadedEditorAssemblies (538ms)
				LogAssemblyErrors (0ms)
				InitializePlatformSupportModulesInManaged (10ms)
				SetLoadedEditorAssemblies (0ms)
				RefreshPlugins (1ms)
				BeforeProcessingInitializeOnLoad (88ms)
				ProcessInitializeOnLoadAttributes (347ms)
				ProcessInitializeOnLoadMethodAttributes (78ms)
				AfterProcessingInitializeOnLoad (14ms)
				EditorAssembliesLoaded (0ms)
			ExecutionOrderSort2 (0ms)
			AwakeInstancesAfterBackupRestoration (8ms)
Platform modules already initialized, skipping
Refreshing native plugins compatible for Editor in 5.28 ms, found 3 plugins.
Preloading 0 native plugins for Editor in 0.00 ms.
Unloading 4719 Unused Serialized files (Serialized files now loaded: 0)
Unloading 25 unused Assets / (0.7 MB). Loaded Objects now: 5369.
Memory consumption went from 187.1 MB to 186.4 MB.
Total: 7.743500 ms (FindLiveObjects: 0.666900 ms CreateObjectMapping: 0.507900 ms MarkObjects: 5.734400 ms  DeleteObjects: 0.832800 ms)

AssetImportParameters requested are different than current active one (requested -> active):
  custom:video-decoder-ogg-theora: a1e56fd34408186e4bbccfd4996cb3dc -> 
  custom:container-muxer-webm: aa71ff27fc2769a1b78a27578f13a17b -> 
  custom:container-demuxer-webm: 4f35f7cbe854078d1ac9338744f61a02 -> 
  custom:video-encoder-webm-vp8: eb34c28f22e8b96e1ab97ce403110664 -> 
  custom:audio-encoder-webm-vorbis: bf7c407c2cedff20999df2af8eb42d56 -> 
  custom:framework-win-MediaFoundation: 216162199b28c13a410421893ffa2e32 -> 
  custom:container-demuxer-ogg: 62fdf1f143b41e24485cea50d1cbac27 -> 
  custom:video-decoder-webm-vp8: 9c59270c3fd7afecdb556c50c9e8de78 -> 
  custom:audio-decoder-ogg-vorbis: bf7c407c2cedff20999df2af8eb42d56 -> 
========================================================================
Received Prepare
Refreshing native plugins compatible for Editor in 7.45 ms, found 3 plugins.
Preloading 0 native plugins for Editor in 0.00 ms.
Unloading 25 Unused Serialized files (Serialized files now loaded: 0)
Unloading 25 unused Assets / (0.7 MB). Loaded Objects now: 5369.
Memory consumption went from 93.1 MB to 92.4 MB.
Total: 7.530300 ms (FindLiveObjects: 0.561800 ms CreateObjectMapping: 0.532300 ms MarkObjects: 5.850900 ms  DeleteObjects: 0.583900 ms)

AssetImportParameters requested are different than current active one (requested -> active):
  custom:video-decoder-ogg-theora: a1e56fd34408186e4bbccfd4996cb3dc -> 
  custom:container-muxer-webm: aa71ff27fc2769a1b78a27578f13a17b -> 
  custom:container-demuxer-webm: 4f35f7cbe854078d1ac9338744f61a02 -> 
  custom:video-encoder-webm-vp8: eb34c28f22e8b96e1ab97ce403110664 -> 
  custom:audio-encoder-webm-vorbis: bf7c407c2cedff20999df2af8eb42d56 -> 
  custom:framework-win-MediaFoundation: 216162199b28c13a410421893ffa2e32 -> 
  custom:container-demuxer-ogg: 62fdf1f143b41e24485cea50d1cbac27 -> 
  custom:video-decoder-webm-vp8: 9c59270c3fd7afecdb556c50c9e8de78 -> 
  custom:audio-decoder-ogg-vorbis: bf7c407c2cedff20999df2af8eb42d56 -> 
