Using pre-set license
Built from '2021.3/staging' branch; Version is '2021.3.24f1 (cf10dcf7010d) revision 13570268'; Using compiler version '192829333'; Build Type 'Release'
OS: 'Windows 11  (10.0.26100) 64bit Core' Language: 'en' Physical Memory: 16189 MB
BatchMode: 1, IsHumanControllingUs: 0, StartBugReporterOnCrash: 0, Is64bit: 1, IsPro: 1

COMMAND LINE ARGUMENTS:
C:\Program Files\Unity\Hub\Editor\2021.3.24f1\Editor\Unity.exe
-adb2
-batchMode
-noUpm
-name
AssetImportWorker2
-projectPath
C:/FlappyBirdGitHub/FlappyBird/flappy
-logFile
Logs/AssetImportWorker2.log
-srvPort
60613
Successfully changed project path to: C:/FlappyBirdGitHub/FlappyBird/flappy
C:/FlappyBirdGitHub/FlappyBird/flappy
[UnityMemory] Configuration Parameters - Can be set up in boot.config
    "memorysetup-bucket-allocator-granularity=16"
    "memorysetup-bucket-allocator-bucket-count=8"
    "memorysetup-bucket-allocator-block-size=33554432"
    "memorysetup-bucket-allocator-block-count=8"
    "memorysetup-main-allocator-block-size=16777216"
    "memorysetup-thread-allocator-block-size=16777216"
    "memorysetup-gfx-main-allocator-block-size=16777216"
    "memorysetup-gfx-thread-allocator-block-size=16777216"
    "memorysetup-cache-allocator-block-size=4194304"
    "memorysetup-typetree-allocator-block-size=2097152"
    "memorysetup-profiler-bucket-allocator-granularity=16"
    "memorysetup-profiler-bucket-allocator-bucket-count=8"
    "memorysetup-profiler-bucket-allocator-block-size=33554432"
    "memorysetup-profiler-bucket-allocator-block-count=8"
    "memorysetup-profiler-allocator-block-size=16777216"
    "memorysetup-profiler-editor-allocator-block-size=1048576"
    "memorysetup-temp-allocator-size-main=16777216"
    "memorysetup-job-temp-allocator-block-size=2097152"
    "memorysetup-job-temp-allocator-block-size-background=1048576"
    "memorysetup-job-temp-allocator-reduction-small-platforms=262144"
    "memorysetup-temp-allocator-size-background-worker=32768"
    "memorysetup-temp-allocator-size-job-worker=262144"
    "memorysetup-temp-allocator-size-preload-manager=33554432"
    "memorysetup-temp-allocator-size-nav-mesh-worker=65536"
    "memorysetup-temp-allocator-size-audio-worker=65536"
    "memorysetup-temp-allocator-size-cloud-worker=32768"
    "memorysetup-temp-allocator-size-gi-baking-worker=262144"
    "memorysetup-temp-allocator-size-gfx=262144"
Player connection [11716] Host "[IP] 0.0.0.0 [Port] 0 [Flags] 2 [Guid] 3177257941 [EditorId] 3177257941 [Version] 1048832 [Id] WindowsEditor(7,DESKTOP-OB9D3NI) [Debug] 1 [PackageName] WindowsEditor [ProjectName] Editor" joined multi-casting on [225.0.0.222:54997]...

Player connection [11716] Host "[IP] 0.0.0.0 [Port] 0 [Flags] 2 [Guid] 3177257941 [EditorId] 3177257941 [Version] 1048832 [Id] WindowsEditor(7,DESKTOP-OB9D3NI) [Debug] 1 [PackageName] WindowsEditor [ProjectName] Editor" joined alternative multi-casting on [225.0.0.222:34997]...

Refreshing native plugins compatible for Editor in 193.00 ms, found 3 plugins.
Preloading 0 native plugins for Editor in 0.00 ms.
Initialize engine version: 2021.3.24f1 (cf10dcf7010d)
[Subsystems] Discovering subsystems at path C:/Program Files/Unity/Hub/Editor/2021.3.24f1/Editor/Data/Resources/UnitySubsystems
[Subsystems] Discovering subsystems at path C:/FlappyBirdGitHub/FlappyBird/flappy/Assets
GfxDevice: creating device client; threaded=0; jobified=0
Direct3D:
    Version:  Direct3D 11.0 [level 11.1]
    Renderer: Intel(R) UHD Graphics 605 (ID=0x3184)
    Vendor:   Intel
    VRAM:     8094 MB
    Driver:   31.0.101.2134
Initialize mono
Mono path[0] = 'C:/Program Files/Unity/Hub/Editor/2021.3.24f1/Editor/Data/Managed'
Mono path[1] = 'C:/Program Files/Unity/Hub/Editor/2021.3.24f1/Editor/Data/MonoBleedingEdge/lib/mono/unityjit-win32'
Mono config path = 'C:/Program Files/Unity/Hub/Editor/2021.3.24f1/Editor/Data/MonoBleedingEdge/etc'
Using monoOptions --debugger-agent=transport=dt_socket,embedding=1,server=y,suspend=n,address=127.0.0.1:56232
Begin MonoManager ReloadAssembly
Registering precompiled unity dll's ...
Register platform support module: C:/Program Files/Unity/Hub/Editor/2021.3.24f1/Editor/Data/PlaybackEngines/WindowsStandaloneSupport/UnityEditor.WindowsStandalone.Extensions.dll
Registered in 0.016740 seconds.
Native extension for WindowsStandalone target not found
Refreshing native plugins compatible for Editor in 306.56 ms, found 3 plugins.
Preloading 0 native plugins for Editor in 0.00 ms.
Mono: successfully reloaded assembly
- Completed reload, in  2.504 seconds
Domain Reload Profiling:
	ReloadAssembly (2505ms)
		BeginReloadAssembly (220ms)
			ExecutionOrderSort (0ms)
			DisableScriptedObjects (0ms)
			BackupInstance (0ms)
			ReleaseScriptingObjects (0ms)
			CreateAndSetChildDomain (1ms)
		EndReloadAssembly (2015ms)
			LoadAssemblies (221ms)
			RebuildTransferFunctionScriptingTraits (0ms)
			SetupTypeCache (498ms)
			ReleaseScriptCaches (0ms)
			RebuildScriptCaches (89ms)
			SetupLoadedEditorAssemblies (1200ms)
				LogAssemblyErrors (0ms)
				InitializePlatformSupportModulesInManaged (76ms)
				SetLoadedEditorAssemblies (1ms)
				RefreshPlugins (307ms)
				BeforeProcessingInitializeOnLoad (3ms)
				ProcessInitializeOnLoadAttributes (607ms)
				ProcessInitializeOnLoadMethodAttributes (207ms)
				AfterProcessingInitializeOnLoad (0ms)
				EditorAssembliesLoaded (0ms)
			ExecutionOrderSort2 (0ms)
			AwakeInstancesAfterBackupRestoration (0ms)
Platform modules already initialized, skipping
Registering precompiled user dll's ...
Registered in 0.013595 seconds.
Begin MonoManager ReloadAssembly
Symbol file LoadedFromMemory doesn't match image C:\FlappyBirdGitHub\FlappyBird\flappy\Library\PackageCache\com.unity.visualscripting@1.8.0\Editor\VisualScripting.Core\Dependencies\YamlDotNet\Unity.VisualScripting.YamlDotNet.dll
Symbol file LoadedFromMemory doesn't match image C:\FlappyBirdGitHub\FlappyBird\flappy\Library\PackageCache\com.unity.visualscripting@1.8.0\Editor\VisualScripting.Core\Dependencies\DotNetZip\Unity.VisualScripting.IonicZip.dll
Native extension for WindowsStandalone target not found
Refreshing native plugins compatible for Editor in 1.63 ms, found 3 plugins.
Preloading 0 native plugins for Editor in 0.00 ms.
Mono: successfully reloaded assembly
- Completed reload, in  3.550 seconds
Domain Reload Profiling:
	ReloadAssembly (3552ms)
		BeginReloadAssembly (366ms)
			ExecutionOrderSort (0ms)
			DisableScriptedObjects (13ms)
			BackupInstance (0ms)
			ReleaseScriptingObjects (0ms)
			CreateAndSetChildDomain (47ms)
		EndReloadAssembly (2837ms)
			LoadAssemblies (253ms)
			RebuildTransferFunctionScriptingTraits (0ms)
			SetupTypeCache (658ms)
			ReleaseScriptCaches (1ms)
			RebuildScriptCaches (138ms)
			SetupLoadedEditorAssemblies (1758ms)
				LogAssemblyErrors (0ms)
				InitializePlatformSupportModulesInManaged (17ms)
				SetLoadedEditorAssemblies (1ms)
				RefreshPlugins (2ms)
				BeforeProcessingInitializeOnLoad (278ms)
				ProcessInitializeOnLoadAttributes (1402ms)
				ProcessInitializeOnLoadMethodAttributes (41ms)
				AfterProcessingInitializeOnLoad (16ms)
				EditorAssembliesLoaded (0ms)
			ExecutionOrderSort2 (0ms)
			AwakeInstancesAfterBackupRestoration (19ms)
Platform modules already initialized, skipping
========================================================================
Worker process is ready to serve import requests
Launched and connected shader compiler UnityShaderCompiler.exe after 0.13 seconds
Refreshing native plugins compatible for Editor in 1.58 ms, found 3 plugins.
Preloading 0 native plugins for Editor in 0.00 ms.
Unloading 3018 Unused Serialized files (Serialized files now loaded: 0)
Unloading 22 unused Assets / (56.5 KB). Loaded Objects now: 3481.
Memory consumption went from 107.6 MB to 107.6 MB.
Total: 7.032300 ms (FindLiveObjects: 1.022600 ms CreateObjectMapping: 0.320200 ms MarkObjects: 5.511000 ms  DeleteObjects: 0.176100 ms)

AssetImportParameters requested are different than current active one (requested -> active):
  custom:video-decoder-ogg-theora: a1e56fd34408186e4bbccfd4996cb3dc -> 
  custom:container-muxer-webm: aa71ff27fc2769a1b78a27578f13a17b -> 
  custom:container-demuxer-webm: 4f35f7cbe854078d1ac9338744f61a02 -> 
  custom:video-encoder-webm-vp8: eb34c28f22e8b96e1ab97ce403110664 -> 
  custom:audio-encoder-webm-vorbis: bf7c407c2cedff20999df2af8eb42d56 -> 
  custom:framework-win-MediaFoundation: 216162199b28c13a410421893ffa2e32 -> 
  custom:container-demuxer-ogg: 62fdf1f143b41e24485cea50d1cbac27 -> 
  custom:video-decoder-webm-vp8: 9c59270c3fd7afecdb556c50c9e8de78 -> 
  custom:audio-decoder-ogg-vorbis: bf7c407c2cedff20999df2af8eb42d56 -> 
========================================================================
Received Import Request.
  Time since last request: 87794.126945 seconds.
  path: Assets/Characters/BlueShell Character.asset
  artifactKey: Guid(d8290c5ba1bd6d84586e2196f9cb1bbc) Importer(815301076,1909f56bfc062723c751e8b465ee728b)
Start importing Assets/Characters/BlueShell Character.asset using Guid(d8290c5ba1bd6d84586e2196f9cb1bbc) Importer(815301076,1909f56bfc062723c751e8b465ee728b)  -> (artifact id: '8b62dcd3764fed9f71d2a433ef294880') in 0.091341 seconds 
========================================================================
Received Import Request.
  Time since last request: 177.827967 seconds.
  path: Assets/Characters/Bird.prefab
  artifactKey: Guid(a32b1b3d6a924544fb8c00bbde1ed0d6) Importer(815301076,1909f56bfc062723c751e8b465ee728b)
Start importing Assets/Characters/Bird.prefab using Guid(a32b1b3d6a924544fb8c00bbde1ed0d6) Importer(815301076,1909f56bfc062723c751e8b465ee728b)  -> (artifact id: '63e28af22d935b95fb2e4af726cedef6') in 0.173876 seconds 
========================================================================
Received Import Request.
  Time since last request: 0.858166 seconds.
  path: Assets/Characters/Bird.prefab
  artifactKey: Guid(a32b1b3d6a924544fb8c00bbde1ed0d6) Importer(815301076,1909f56bfc062723c751e8b465ee728b)
Start importing Assets/Characters/Bird.prefab using Guid(a32b1b3d6a924544fb8c00bbde1ed0d6) Importer(815301076,1909f56bfc062723c751e8b465ee728b)  -> (artifact id: 'ef6c8c9b81b7faa3cc5a66917131d7a5') in 0.025472 seconds 
========================================================================
Received Import Request.
  Time since last request: 82.822761 seconds.
  path: Assets/Characters/Blue Shell Guy.prefab
  artifactKey: Guid(9103c5585d1ac7746af22fc6621b1331) Importer(815301076,1909f56bfc062723c751e8b465ee728b)
Start importing Assets/Characters/Blue Shell Guy.prefab using Guid(9103c5585d1ac7746af22fc6621b1331) Importer(815301076,1909f56bfc062723c751e8b465ee728b)  -> (artifact id: '9ab288c94c58a70444ddaef0100f1457') in 0.024274 seconds 
========================================================================
Received Import Request.
  Time since last request: 16.542842 seconds.
  path: Assets/Characters/Blue Shell Guy.prefab
  artifactKey: Guid(9103c5585d1ac7746af22fc6621b1331) Importer(815301076,1909f56bfc062723c751e8b465ee728b)
Start importing Assets/Characters/Blue Shell Guy.prefab using Guid(9103c5585d1ac7746af22fc6621b1331) Importer(815301076,1909f56bfc062723c751e8b465ee728b)  -> (artifact id: '886dbb82586f5a07c0b60bcf5fa907df') in 0.030112 seconds 
========================================================================
Received Import Request.
  Time since last request: 15.243902 seconds.
  path: Assets/Characters/Blue Shell Guy.prefab
  artifactKey: Guid(9103c5585d1ac7746af22fc6621b1331) Importer(815301076,1909f56bfc062723c751e8b465ee728b)
Start importing Assets/Characters/Blue Shell Guy.prefab using Guid(9103c5585d1ac7746af22fc6621b1331) Importer(815301076,1909f56bfc062723c751e8b465ee728b)  -> (artifact id: '802d9b40b98a7127792a66a4032e7ce8') in 0.020239 seconds 
========================================================================
Received Import Request.
  Time since last request: 4.375676 seconds.
  path: Assets/Characters/BlueShell Character.asset
  artifactKey: Guid(d8290c5ba1bd6d84586e2196f9cb1bbc) Importer(815301076,1909f56bfc062723c751e8b465ee728b)
Start importing Assets/Characters/BlueShell Character.asset using Guid(d8290c5ba1bd6d84586e2196f9cb1bbc) Importer(815301076,1909f56bfc062723c751e8b465ee728b)  -> (artifact id: 'e9fc1832e9805ffbeab073b7e33408a2') in 0.008342 seconds 
========================================================================
Received Import Request.
  Time since last request: 13.016226 seconds.
  path: Assets/Characters/Horn Skull.prefab
  artifactKey: Guid(3e23f20339a553d4d969047fb70f2158) Importer(815301076,1909f56bfc062723c751e8b465ee728b)
Start importing Assets/Characters/Horn Skull.prefab using Guid(3e23f20339a553d4d969047fb70f2158) Importer(815301076,1909f56bfc062723c751e8b465ee728b)  -> (artifact id: 'eabae1a727cef3b17b3160192f97a1be') in 0.019119 seconds 
========================================================================
Received Import Request.
  Time since last request: 5.556175 seconds.
  path: Assets/Characters/Horn Skull.prefab
  artifactKey: Guid(3e23f20339a553d4d969047fb70f2158) Importer(815301076,1909f56bfc062723c751e8b465ee728b)
Start importing Assets/Characters/Horn Skull.prefab using Guid(3e23f20339a553d4d969047fb70f2158) Importer(815301076,1909f56bfc062723c751e8b465ee728b)  -> (artifact id: 'd54a0caf355b012c2e20e662a71a52d4') in 0.021942 seconds 
========================================================================
Received Import Request.
  Time since last request: 42.161238 seconds.
  path: Assets/Characters/Red Angry Guy.prefab
  artifactKey: Guid(f6513724eef05974091c49fe0f8009cd) Importer(815301076,1909f56bfc062723c751e8b465ee728b)
Start importing Assets/Characters/Red Angry Guy.prefab using Guid(f6513724eef05974091c49fe0f8009cd) Importer(815301076,1909f56bfc062723c751e8b465ee728b)  -> (artifact id: '4a81f5fe97edae64bf51b7719f3897ea') in 0.020531 seconds 
========================================================================
Received Import Request.
  Time since last request: 4.636742 seconds.
  path: Assets/Characters/Red Angry Guy.prefab
  artifactKey: Guid(f6513724eef05974091c49fe0f8009cd) Importer(815301076,1909f56bfc062723c751e8b465ee728b)
Start importing Assets/Characters/Red Angry Guy.prefab using Guid(f6513724eef05974091c49fe0f8009cd) Importer(815301076,1909f56bfc062723c751e8b465ee728b)  -> (artifact id: '36d3325189094993719e69f727eddc29') in 0.026451 seconds 
========================================================================
Received Import Request.
  Time since last request: 8.888884 seconds.
  path: Assets/Characters/Silly Ozrange Bird.prefab
  artifactKey: Guid(7e4f27064bfce9a449d7d9e4f9a3a0b6) Importer(815301076,1909f56bfc062723c751e8b465ee728b)
Start importing Assets/Characters/Silly Ozrange Bird.prefab using Guid(7e4f27064bfce9a449d7d9e4f9a3a0b6) Importer(815301076,1909f56bfc062723c751e8b465ee728b)  -> (artifact id: 'd61b6f1ec8be22675d1681d2aeb96c82') in 0.023248 seconds 
========================================================================
Received Import Request.
  Time since last request: 3.296578 seconds.
  path: Assets/Characters/Silly Ozrange Bird.prefab
  artifactKey: Guid(7e4f27064bfce9a449d7d9e4f9a3a0b6) Importer(815301076,1909f56bfc062723c751e8b465ee728b)
Start importing Assets/Characters/Silly Ozrange Bird.prefab using Guid(7e4f27064bfce9a449d7d9e4f9a3a0b6) Importer(815301076,1909f56bfc062723c751e8b465ee728b)  -> (artifact id: '65d1c36b02d6592f47de12002fcc997e') in 0.021973 seconds 
========================================================================
Received Prepare
Registering precompiled user dll's ...
Registered in 0.011467 seconds.
Begin MonoManager ReloadAssembly
Symbol file LoadedFromMemory doesn't match image C:\FlappyBirdGitHub\FlappyBird\flappy\Library\PackageCache\com.unity.visualscripting@1.8.0\Editor\VisualScripting.Core\Dependencies\YamlDotNet\Unity.VisualScripting.YamlDotNet.dll
Symbol file LoadedFromMemory doesn't match image C:\FlappyBirdGitHub\FlappyBird\flappy\Library\PackageCache\com.unity.visualscripting@1.8.0\Editor\VisualScripting.Core\Dependencies\DotNetZip\Unity.VisualScripting.IonicZip.dll
Native extension for WindowsStandalone target not found
Refreshing native plugins compatible for Editor in 4.09 ms, found 3 plugins.
Preloading 0 native plugins for Editor in 0.00 ms.
Mono: successfully reloaded assembly
- Completed reload, in  4.218 seconds
Domain Reload Profiling:
	ReloadAssembly (4221ms)
		BeginReloadAssembly (456ms)
			ExecutionOrderSort (0ms)
			DisableScriptedObjects (10ms)
			BackupInstance (0ms)
			ReleaseScriptingObjects (0ms)
			CreateAndSetChildDomain (84ms)
		EndReloadAssembly (3334ms)
			LoadAssemblies (410ms)
			RebuildTransferFunctionScriptingTraits (0ms)
			SetupTypeCache (905ms)
			ReleaseScriptCaches (6ms)
			RebuildScriptCaches (179ms)
			SetupLoadedEditorAssemblies (1699ms)
				LogAssemblyErrors (0ms)
				InitializePlatformSupportModulesInManaged (22ms)
				SetLoadedEditorAssemblies (2ms)
				RefreshPlugins (4ms)
				BeforeProcessingInitializeOnLoad (208ms)
				ProcessInitializeOnLoadAttributes (1333ms)
				ProcessInitializeOnLoadMethodAttributes (95ms)
				AfterProcessingInitializeOnLoad (34ms)
				EditorAssembliesLoaded (1ms)
			ExecutionOrderSort2 (0ms)
			AwakeInstancesAfterBackupRestoration (38ms)
Platform modules already initialized, skipping
Refreshing native plugins compatible for Editor in 9.45 ms, found 3 plugins.
Preloading 0 native plugins for Editor in 0.00 ms.
Unloading 2999 Unused Serialized files (Serialized files now loaded: 0)
Unloading 15 unused Assets / (24.7 KB). Loaded Objects now: 3492.
Memory consumption went from 110.4 MB to 110.4 MB.
Total: 14.006400 ms (FindLiveObjects: 1.438800 ms CreateObjectMapping: 0.904300 ms MarkObjects: 11.554900 ms  DeleteObjects: 0.104700 ms)

AssetImportParameters requested are different than current active one (requested -> active):
  custom:video-decoder-ogg-theora: a1e56fd34408186e4bbccfd4996cb3dc -> 
  custom:container-muxer-webm: aa71ff27fc2769a1b78a27578f13a17b -> 
  custom:container-demuxer-webm: 4f35f7cbe854078d1ac9338744f61a02 -> 
  custom:video-encoder-webm-vp8: eb34c28f22e8b96e1ab97ce403110664 -> 
  custom:audio-encoder-webm-vorbis: bf7c407c2cedff20999df2af8eb42d56 -> 
  custom:framework-win-MediaFoundation: 216162199b28c13a410421893ffa2e32 -> 
  custom:container-demuxer-ogg: 62fdf1f143b41e24485cea50d1cbac27 -> 
  custom:video-decoder-webm-vp8: 9c59270c3fd7afecdb556c50c9e8de78 -> 
  custom:audio-decoder-ogg-vorbis: bf7c407c2cedff20999df2af8eb42d56 -> 
========================================================================
Received Import Request.
  Time since last request: 140.418399 seconds.
  path: Assets/Characters/Blue Shell Guy.prefab
  artifactKey: Guid(9103c5585d1ac7746af22fc6621b1331) Importer(815301076,1909f56bfc062723c751e8b465ee728b)
Start importing Assets/Characters/Blue Shell Guy.prefab using Guid(9103c5585d1ac7746af22fc6621b1331) Importer(815301076,1909f56bfc062723c751e8b465ee728b)  -> (artifact id: 'e207711229ec83a95921377227a22746') in 0.145270 seconds 
========================================================================
Received Import Request.
  Time since last request: 16.670271 seconds.
  path: Assets/Characters/Blue Shell Guy.prefab
  artifactKey: Guid(9103c5585d1ac7746af22fc6621b1331) Importer(815301076,1909f56bfc062723c751e8b465ee728b)
Start importing Assets/Characters/Blue Shell Guy.prefab using Guid(9103c5585d1ac7746af22fc6621b1331) Importer(815301076,1909f56bfc062723c751e8b465ee728b)  -> (artifact id: '36c3e609c8d43f9446a05541491b394f') in 0.019300 seconds 
========================================================================
Received Import Request.
  Time since last request: 4.694929 seconds.
  path: Assets/Characters/Blue Shell Guy.prefab
  artifactKey: Guid(9103c5585d1ac7746af22fc6621b1331) Importer(815301076,1909f56bfc062723c751e8b465ee728b)
Start importing Assets/Characters/Blue Shell Guy.prefab using Guid(9103c5585d1ac7746af22fc6621b1331) Importer(815301076,1909f56bfc062723c751e8b465ee728b)  -> (artifact id: '0279498c4a6dc3248089ecc159ac6651') in 0.019608 seconds 
========================================================================
Received Import Request.
  Time since last request: 18.104435 seconds.
  path: Assets/Characters/Blue Shell Guy.prefab
  artifactKey: Guid(9103c5585d1ac7746af22fc6621b1331) Importer(815301076,1909f56bfc062723c751e8b465ee728b)
Start importing Assets/Characters/Blue Shell Guy.prefab using Guid(9103c5585d1ac7746af22fc6621b1331) Importer(815301076,1909f56bfc062723c751e8b465ee728b)  -> (artifact id: '677d996dd4ce1d52926b8b6e0e0f188d') in 0.020614 seconds 
========================================================================
Received Import Request.
  Time since last request: 10.086348 seconds.
  path: Assets/Characters/Blue Shell Guy.prefab
  artifactKey: Guid(9103c5585d1ac7746af22fc6621b1331) Importer(815301076,1909f56bfc062723c751e8b465ee728b)
Start importing Assets/Characters/Blue Shell Guy.prefab using Guid(9103c5585d1ac7746af22fc6621b1331) Importer(815301076,1909f56bfc062723c751e8b465ee728b)  -> (artifact id: 'a6dd8af7f4f07ee5a35fe43f41bac655') in 0.021995 seconds 
========================================================================
Received Import Request.
  Time since last request: 15.039282 seconds.
  path: Assets/Characters/Blue Shell Guy.prefab
  artifactKey: Guid(9103c5585d1ac7746af22fc6621b1331) Importer(815301076,1909f56bfc062723c751e8b465ee728b)
Start importing Assets/Characters/Blue Shell Guy.prefab using Guid(9103c5585d1ac7746af22fc6621b1331) Importer(815301076,1909f56bfc062723c751e8b465ee728b)  -> (artifact id: 'e9d164d14a2c6c267cad05117834824a') in 0.021587 seconds 
========================================================================
Received Import Request.
  Time since last request: 4.911568 seconds.
  path: Assets/Characters/Blue Shell Guy.prefab
  artifactKey: Guid(9103c5585d1ac7746af22fc6621b1331) Importer(815301076,1909f56bfc062723c751e8b465ee728b)
Start importing Assets/Characters/Blue Shell Guy.prefab using Guid(9103c5585d1ac7746af22fc6621b1331) Importer(815301076,1909f56bfc062723c751e8b465ee728b)  -> (artifact id: '050ee18d5d0f09e63fe2699a45b505eb') in 0.021544 seconds 
========================================================================
Received Prepare
Registering precompiled user dll's ...
Registered in 0.011837 seconds.
Begin MonoManager ReloadAssembly
Symbol file LoadedFromMemory doesn't match image C:\FlappyBirdGitHub\FlappyBird\flappy\Library\PackageCache\com.unity.visualscripting@1.8.0\Editor\VisualScripting.Core\Dependencies\YamlDotNet\Unity.VisualScripting.YamlDotNet.dll
Symbol file LoadedFromMemory doesn't match image C:\FlappyBirdGitHub\FlappyBird\flappy\Library\PackageCache\com.unity.visualscripting@1.8.0\Editor\VisualScripting.Core\Dependencies\DotNetZip\Unity.VisualScripting.IonicZip.dll
Native extension for WindowsStandalone target not found
Refreshing native plugins compatible for Editor in 2.67 ms, found 3 plugins.
Preloading 0 native plugins for Editor in 0.00 ms.
Mono: successfully reloaded assembly
- Completed reload, in  4.630 seconds
Domain Reload Profiling:
	ReloadAssembly (4632ms)
		BeginReloadAssembly (328ms)
			ExecutionOrderSort (0ms)
			DisableScriptedObjects (10ms)
			BackupInstance (0ms)
			ReleaseScriptingObjects (0ms)
			CreateAndSetChildDomain (69ms)
		EndReloadAssembly (3992ms)
			LoadAssemblies (311ms)
			RebuildTransferFunctionScriptingTraits (0ms)
			SetupTypeCache (988ms)
			ReleaseScriptCaches (3ms)
			RebuildScriptCaches (114ms)
			SetupLoadedEditorAssemblies (2350ms)
				LogAssemblyErrors (0ms)
				InitializePlatformSupportModulesInManaged (61ms)
				SetLoadedEditorAssemblies (2ms)
				RefreshPlugins (3ms)
				BeforeProcessingInitializeOnLoad (354ms)
				ProcessInitializeOnLoadAttributes (1774ms)
				ProcessInitializeOnLoadMethodAttributes (100ms)
				AfterProcessingInitializeOnLoad (56ms)
				EditorAssembliesLoaded (1ms)
			ExecutionOrderSort2 (0ms)
			AwakeInstancesAfterBackupRestoration (57ms)
Platform modules already initialized, skipping
Refreshing native plugins compatible for Editor in 18.96 ms, found 3 plugins.
Preloading 0 native plugins for Editor in 0.00 ms.
Unloading 2999 Unused Serialized files (Serialized files now loaded: 0)
Unloading 15 unused Assets / (24.7 KB). Loaded Objects now: 3495.
Memory consumption went from 110.4 MB to 110.4 MB.
Total: 17.610600 ms (FindLiveObjects: 2.458700 ms CreateObjectMapping: 1.734800 ms MarkObjects: 13.266600 ms  DeleteObjects: 0.145000 ms)

AssetImportParameters requested are different than current active one (requested -> active):
  custom:video-decoder-ogg-theora: a1e56fd34408186e4bbccfd4996cb3dc -> 
  custom:container-muxer-webm: aa71ff27fc2769a1b78a27578f13a17b -> 
  custom:container-demuxer-webm: 4f35f7cbe854078d1ac9338744f61a02 -> 
  custom:video-encoder-webm-vp8: eb34c28f22e8b96e1ab97ce403110664 -> 
  custom:audio-encoder-webm-vorbis: bf7c407c2cedff20999df2af8eb42d56 -> 
  custom:framework-win-MediaFoundation: 216162199b28c13a410421893ffa2e32 -> 
  custom:container-demuxer-ogg: 62fdf1f143b41e24485cea50d1cbac27 -> 
  custom:video-decoder-webm-vp8: 9c59270c3fd7afecdb556c50c9e8de78 -> 
  custom:audio-decoder-ogg-vorbis: bf7c407c2cedff20999df2af8eb42d56 -> 
========================================================================
Received Import Request.
  Time since last request: 137.871285 seconds.
  path: Assets/Characters/Blue Shell Guy.prefab
  artifactKey: Guid(9103c5585d1ac7746af22fc6621b1331) Importer(815301076,1909f56bfc062723c751e8b465ee728b)
Start importing Assets/Characters/Blue Shell Guy.prefab using Guid(9103c5585d1ac7746af22fc6621b1331) Importer(815301076,1909f56bfc062723c751e8b465ee728b)  -> (artifact id: '8f62ff039af241bd3774beedeae2be68') in 0.204934 seconds 
========================================================================
Received Import Request.
  Time since last request: 10.069802 seconds.
  path: Assets/Characters/Blue Shell Guy.prefab
  artifactKey: Guid(9103c5585d1ac7746af22fc6621b1331) Importer(815301076,1909f56bfc062723c751e8b465ee728b)
Start importing Assets/Characters/Blue Shell Guy.prefab using Guid(9103c5585d1ac7746af22fc6621b1331) Importer(815301076,1909f56bfc062723c751e8b465ee728b)  -> (artifact id: '53c37f459ac818943cb7238f08f5622e') in 0.023073 seconds 
========================================================================
Received Prepare
Registering precompiled user dll's ...
Registered in 0.013096 seconds.
Begin MonoManager ReloadAssembly
Symbol file LoadedFromMemory doesn't match image C:\FlappyBirdGitHub\FlappyBird\flappy\Library\PackageCache\com.unity.visualscripting@1.8.0\Editor\VisualScripting.Core\Dependencies\YamlDotNet\Unity.VisualScripting.YamlDotNet.dll
Symbol file LoadedFromMemory doesn't match image C:\FlappyBirdGitHub\FlappyBird\flappy\Library\PackageCache\com.unity.visualscripting@1.8.0\Editor\VisualScripting.Core\Dependencies\DotNetZip\Unity.VisualScripting.IonicZip.dll
Native extension for WindowsStandalone target not found
Refreshing native plugins compatible for Editor in 3.14 ms, found 3 plugins.
Preloading 0 native plugins for Editor in 0.00 ms.
Mono: successfully reloaded assembly
- Completed reload, in  4.231 seconds
Domain Reload Profiling:
	ReloadAssembly (4234ms)
		BeginReloadAssembly (415ms)
			ExecutionOrderSort (0ms)
			DisableScriptedObjects (10ms)
			BackupInstance (0ms)
			ReleaseScriptingObjects (0ms)
			CreateAndSetChildDomain (76ms)
		EndReloadAssembly (3403ms)
			LoadAssemblies (377ms)
			RebuildTransferFunctionScriptingTraits (0ms)
			SetupTypeCache (873ms)
			ReleaseScriptCaches (5ms)
			RebuildScriptCaches (150ms)
			SetupLoadedEditorAssemblies (1865ms)
				LogAssemblyErrors (0ms)
				InitializePlatformSupportModulesInManaged (18ms)
				SetLoadedEditorAssemblies (4ms)
				RefreshPlugins (3ms)
				BeforeProcessingInitializeOnLoad (188ms)
				ProcessInitializeOnLoadAttributes (1533ms)
				ProcessInitializeOnLoadMethodAttributes (80ms)
				AfterProcessingInitializeOnLoad (38ms)
				EditorAssembliesLoaded (1ms)
			ExecutionOrderSort2 (0ms)
			AwakeInstancesAfterBackupRestoration (44ms)
Platform modules already initialized, skipping
Refreshing native plugins compatible for Editor in 6.88 ms, found 3 plugins.
Preloading 0 native plugins for Editor in 0.00 ms.
Unloading 2999 Unused Serialized files (Serialized files now loaded: 0)
Unloading 15 unused Assets / (24.6 KB). Loaded Objects now: 3498.
Memory consumption went from 110.4 MB to 110.4 MB.
Total: 11.903800 ms (FindLiveObjects: 1.738600 ms CreateObjectMapping: 1.504100 ms MarkObjects: 8.564300 ms  DeleteObjects: 0.093200 ms)

AssetImportParameters requested are different than current active one (requested -> active):
  custom:video-decoder-ogg-theora: a1e56fd34408186e4bbccfd4996cb3dc -> 
  custom:container-muxer-webm: aa71ff27fc2769a1b78a27578f13a17b -> 
  custom:container-demuxer-webm: 4f35f7cbe854078d1ac9338744f61a02 -> 
  custom:video-encoder-webm-vp8: eb34c28f22e8b96e1ab97ce403110664 -> 
  custom:audio-encoder-webm-vorbis: bf7c407c2cedff20999df2af8eb42d56 -> 
  custom:framework-win-MediaFoundation: 216162199b28c13a410421893ffa2e32 -> 
  custom:container-demuxer-ogg: 62fdf1f143b41e24485cea50d1cbac27 -> 
  custom:video-decoder-webm-vp8: 9c59270c3fd7afecdb556c50c9e8de78 -> 
  custom:audio-decoder-ogg-vorbis: bf7c407c2cedff20999df2af8eb42d56 -> 
========================================================================
Received Prepare
Registering precompiled user dll's ...
Registered in 0.013405 seconds.
Begin MonoManager ReloadAssembly
Symbol file LoadedFromMemory doesn't match image C:\FlappyBirdGitHub\FlappyBird\flappy\Library\PackageCache\com.unity.visualscripting@1.8.0\Editor\VisualScripting.Core\Dependencies\YamlDotNet\Unity.VisualScripting.YamlDotNet.dll
Symbol file LoadedFromMemory doesn't match image C:\FlappyBirdGitHub\FlappyBird\flappy\Library\PackageCache\com.unity.visualscripting@1.8.0\Editor\VisualScripting.Core\Dependencies\DotNetZip\Unity.VisualScripting.IonicZip.dll
Native extension for WindowsStandalone target not found
Refreshing native plugins compatible for Editor in 2.07 ms, found 3 plugins.
Preloading 0 native plugins for Editor in 0.00 ms.
Mono: successfully reloaded assembly
- Completed reload, in  3.519 seconds
Domain Reload Profiling:
	ReloadAssembly (3521ms)
		BeginReloadAssembly (324ms)
			ExecutionOrderSort (0ms)
			DisableScriptedObjects (12ms)
			BackupInstance (0ms)
			ReleaseScriptingObjects (0ms)
			CreateAndSetChildDomain (63ms)
		EndReloadAssembly (2911ms)
			LoadAssemblies (310ms)
			RebuildTransferFunctionScriptingTraits (0ms)
			SetupTypeCache (950ms)
			ReleaseScriptCaches (3ms)
			RebuildScriptCaches (144ms)
			SetupLoadedEditorAssemblies (1305ms)
				LogAssemblyErrors (0ms)
				InitializePlatformSupportModulesInManaged (19ms)
				SetLoadedEditorAssemblies (1ms)
				RefreshPlugins (2ms)
				BeforeProcessingInitializeOnLoad (187ms)
				ProcessInitializeOnLoadAttributes (1000ms)
				ProcessInitializeOnLoadMethodAttributes (68ms)
				AfterProcessingInitializeOnLoad (29ms)
				EditorAssembliesLoaded (1ms)
			ExecutionOrderSort2 (0ms)
			AwakeInstancesAfterBackupRestoration (33ms)
Platform modules already initialized, skipping
Refreshing native plugins compatible for Editor in 6.43 ms, found 3 plugins.
Preloading 0 native plugins for Editor in 0.00 ms.
Unloading 2999 Unused Serialized files (Serialized files now loaded: 0)
Unloading 15 unused Assets / (24.6 KB). Loaded Objects now: 3501.
Memory consumption went from 110.4 MB to 110.4 MB.
Total: 11.573500 ms (FindLiveObjects: 1.149000 ms CreateObjectMapping: 0.822800 ms MarkObjects: 9.492700 ms  DeleteObjects: 0.105400 ms)

AssetImportParameters requested are different than current active one (requested -> active):
  custom:video-decoder-ogg-theora: a1e56fd34408186e4bbccfd4996cb3dc -> 
  custom:container-muxer-webm: aa71ff27fc2769a1b78a27578f13a17b -> 
  custom:container-demuxer-webm: 4f35f7cbe854078d1ac9338744f61a02 -> 
  custom:video-encoder-webm-vp8: eb34c28f22e8b96e1ab97ce403110664 -> 
  custom:audio-encoder-webm-vorbis: bf7c407c2cedff20999df2af8eb42d56 -> 
  custom:framework-win-MediaFoundation: 216162199b28c13a410421893ffa2e32 -> 
  custom:container-demuxer-ogg: 62fdf1f143b41e24485cea50d1cbac27 -> 
  custom:video-decoder-webm-vp8: 9c59270c3fd7afecdb556c50c9e8de78 -> 
  custom:audio-decoder-ogg-vorbis: bf7c407c2cedff20999df2af8eb42d56 -> 
========================================================================
Received Prepare
Registering precompiled user dll's ...
Registered in 0.014540 seconds.
Begin MonoManager ReloadAssembly
Symbol file LoadedFromMemory doesn't match image C:\FlappyBirdGitHub\FlappyBird\flappy\Library\PackageCache\com.unity.visualscripting@1.8.0\Editor\VisualScripting.Core\Dependencies\YamlDotNet\Unity.VisualScripting.YamlDotNet.dll
Symbol file LoadedFromMemory doesn't match image C:\FlappyBirdGitHub\FlappyBird\flappy\Library\PackageCache\com.unity.visualscripting@1.8.0\Editor\VisualScripting.Core\Dependencies\DotNetZip\Unity.VisualScripting.IonicZip.dll
Native extension for WindowsStandalone target not found
Refreshing native plugins compatible for Editor in 2.00 ms, found 3 plugins.
Preloading 0 native plugins for Editor in 0.00 ms.
Mono: successfully reloaded assembly
- Completed reload, in  3.517 seconds
Domain Reload Profiling:
	ReloadAssembly (3519ms)
		BeginReloadAssembly (294ms)
			ExecutionOrderSort (0ms)
			DisableScriptedObjects (10ms)
			BackupInstance (0ms)
			ReleaseScriptingObjects (0ms)
			CreateAndSetChildDomain (64ms)
		EndReloadAssembly (2892ms)
			LoadAssemblies (246ms)
			RebuildTransferFunctionScriptingTraits (0ms)
			SetupTypeCache (868ms)
			ReleaseScriptCaches (7ms)
			RebuildScriptCaches (148ms)
			SetupLoadedEditorAssemblies (1396ms)
				LogAssemblyErrors (0ms)
				InitializePlatformSupportModulesInManaged (18ms)
				SetLoadedEditorAssemblies (1ms)
				RefreshPlugins (2ms)
				BeforeProcessingInitializeOnLoad (197ms)
				ProcessInitializeOnLoadAttributes (1077ms)
				ProcessInitializeOnLoadMethodAttributes (77ms)
				AfterProcessingInitializeOnLoad (24ms)
				EditorAssembliesLoaded (0ms)
			ExecutionOrderSort2 (0ms)
			AwakeInstancesAfterBackupRestoration (40ms)
Platform modules already initialized, skipping
Refreshing native plugins compatible for Editor in 6.34 ms, found 3 plugins.
Preloading 0 native plugins for Editor in 0.00 ms.
Unloading 2999 Unused Serialized files (Serialized files now loaded: 0)
Unloading 15 unused Assets / (24.6 KB). Loaded Objects now: 3504.
Memory consumption went from 110.5 MB to 110.4 MB.
Total: 10.096500 ms (FindLiveObjects: 1.362300 ms CreateObjectMapping: 0.356100 ms MarkObjects: 8.255200 ms  DeleteObjects: 0.120200 ms)

AssetImportParameters requested are different than current active one (requested -> active):
  custom:video-decoder-ogg-theora: a1e56fd34408186e4bbccfd4996cb3dc -> 
  custom:container-muxer-webm: aa71ff27fc2769a1b78a27578f13a17b -> 
  custom:container-demuxer-webm: 4f35f7cbe854078d1ac9338744f61a02 -> 
  custom:video-encoder-webm-vp8: eb34c28f22e8b96e1ab97ce403110664 -> 
  custom:audio-encoder-webm-vorbis: bf7c407c2cedff20999df2af8eb42d56 -> 
  custom:framework-win-MediaFoundation: 216162199b28c13a410421893ffa2e32 -> 
  custom:container-demuxer-ogg: 62fdf1f143b41e24485cea50d1cbac27 -> 
  custom:video-decoder-webm-vp8: 9c59270c3fd7afecdb556c50c9e8de78 -> 
  custom:audio-decoder-ogg-vorbis: bf7c407c2cedff20999df2af8eb42d56 -> 
========================================================================
Received Prepare
Registering precompiled user dll's ...
Registered in 0.015731 seconds.
Begin MonoManager ReloadAssembly
Symbol file LoadedFromMemory doesn't match image C:\FlappyBirdGitHub\FlappyBird\flappy\Library\PackageCache\com.unity.visualscripting@1.8.0\Editor\VisualScripting.Core\Dependencies\YamlDotNet\Unity.VisualScripting.YamlDotNet.dll
Symbol file LoadedFromMemory doesn't match image C:\FlappyBirdGitHub\FlappyBird\flappy\Library\PackageCache\com.unity.visualscripting@1.8.0\Editor\VisualScripting.Core\Dependencies\DotNetZip\Unity.VisualScripting.IonicZip.dll
Native extension for WindowsStandalone target not found
Refreshing native plugins compatible for Editor in 2.39 ms, found 3 plugins.
Preloading 0 native plugins for Editor in 0.00 ms.
Mono: successfully reloaded assembly
- Completed reload, in  4.284 seconds
Domain Reload Profiling:
	ReloadAssembly (4286ms)
		BeginReloadAssembly (344ms)
			ExecutionOrderSort (0ms)
			DisableScriptedObjects (11ms)
			BackupInstance (0ms)
			ReleaseScriptingObjects (1ms)
			CreateAndSetChildDomain (63ms)
		EndReloadAssembly (3545ms)
			LoadAssemblies (284ms)
			RebuildTransferFunctionScriptingTraits (0ms)
			SetupTypeCache (1009ms)
			ReleaseScriptCaches (5ms)
			RebuildScriptCaches (212ms)
			SetupLoadedEditorAssemblies (1742ms)
				LogAssemblyErrors (0ms)
				InitializePlatformSupportModulesInManaged (21ms)
				SetLoadedEditorAssemblies (2ms)
				RefreshPlugins (3ms)
				BeforeProcessingInitializeOnLoad (294ms)
				ProcessInitializeOnLoadAttributes (1304ms)
				ProcessInitializeOnLoadMethodAttributes (79ms)
				AfterProcessingInitializeOnLoad (37ms)
				EditorAssembliesLoaded (1ms)
			ExecutionOrderSort2 (0ms)
			AwakeInstancesAfterBackupRestoration (52ms)
Platform modules already initialized, skipping
Refreshing native plugins compatible for Editor in 7.44 ms, found 3 plugins.
Preloading 0 native plugins for Editor in 0.00 ms.
Unloading 2999 Unused Serialized files (Serialized files now loaded: 0)
Unloading 15 unused Assets / (24.7 KB). Loaded Objects now: 3507.
Memory consumption went from 110.5 MB to 110.4 MB.
Total: 12.423200 ms (FindLiveObjects: 1.616900 ms CreateObjectMapping: 1.095100 ms MarkObjects: 9.615700 ms  DeleteObjects: 0.090900 ms)

AssetImportParameters requested are different than current active one (requested -> active):
  custom:video-decoder-ogg-theora: a1e56fd34408186e4bbccfd4996cb3dc -> 
  custom:container-muxer-webm: aa71ff27fc2769a1b78a27578f13a17b -> 
  custom:container-demuxer-webm: 4f35f7cbe854078d1ac9338744f61a02 -> 
  custom:video-encoder-webm-vp8: eb34c28f22e8b96e1ab97ce403110664 -> 
  custom:audio-encoder-webm-vorbis: bf7c407c2cedff20999df2af8eb42d56 -> 
  custom:framework-win-MediaFoundation: 216162199b28c13a410421893ffa2e32 -> 
  custom:container-demuxer-ogg: 62fdf1f143b41e24485cea50d1cbac27 -> 
  custom:video-decoder-webm-vp8: 9c59270c3fd7afecdb556c50c9e8de78 -> 
  custom:audio-decoder-ogg-vorbis: bf7c407c2cedff20999df2af8eb42d56 -> 
========================================================================
Received Prepare
Registering precompiled user dll's ...
Registered in 0.011888 seconds.
Begin MonoManager ReloadAssembly
Symbol file LoadedFromMemory doesn't match image C:\FlappyBirdGitHub\FlappyBird\flappy\Library\PackageCache\com.unity.visualscripting@1.8.0\Editor\VisualScripting.Core\Dependencies\YamlDotNet\Unity.VisualScripting.YamlDotNet.dll
Symbol file LoadedFromMemory doesn't match image C:\FlappyBirdGitHub\FlappyBird\flappy\Library\PackageCache\com.unity.visualscripting@1.8.0\Editor\VisualScripting.Core\Dependencies\DotNetZip\Unity.VisualScripting.IonicZip.dll
Native extension for WindowsStandalone target not found
Refreshing native plugins compatible for Editor in 3.70 ms, found 3 plugins.
Preloading 0 native plugins for Editor in 0.00 ms.
Mono: successfully reloaded assembly
- Completed reload, in  4.021 seconds
Domain Reload Profiling:
	ReloadAssembly (4024ms)
		BeginReloadAssembly (319ms)
			ExecutionOrderSort (0ms)
			DisableScriptedObjects (13ms)
			BackupInstance (0ms)
			ReleaseScriptingObjects (0ms)
			CreateAndSetChildDomain (75ms)
		EndReloadAssembly (3432ms)
			LoadAssemblies (234ms)
			RebuildTransferFunctionScriptingTraits (0ms)
			SetupTypeCache (1035ms)
			ReleaseScriptCaches (3ms)
			RebuildScriptCaches (179ms)
			SetupLoadedEditorAssemblies (1719ms)
				LogAssemblyErrors (0ms)
				InitializePlatformSupportModulesInManaged (22ms)
				SetLoadedEditorAssemblies (3ms)
				RefreshPlugins (4ms)
				BeforeProcessingInitializeOnLoad (224ms)
				ProcessInitializeOnLoadAttributes (1356ms)
				ProcessInitializeOnLoadMethodAttributes (73ms)
				AfterProcessingInitializeOnLoad (35ms)
				EditorAssembliesLoaded (1ms)
			ExecutionOrderSort2 (0ms)
			AwakeInstancesAfterBackupRestoration (55ms)
Platform modules already initialized, skipping
Refreshing native plugins compatible for Editor in 6.15 ms, found 3 plugins.
Preloading 0 native plugins for Editor in 0.00 ms.
Unloading 2999 Unused Serialized files (Serialized files now loaded: 0)
Unloading 15 unused Assets / (24.7 KB). Loaded Objects now: 3510.
Memory consumption went from 110.5 MB to 110.4 MB.
Total: 12.507500 ms (FindLiveObjects: 1.713900 ms CreateObjectMapping: 2.176700 ms MarkObjects: 8.543700 ms  DeleteObjects: 0.070200 ms)

AssetImportParameters requested are different than current active one (requested -> active):
  custom:video-decoder-ogg-theora: a1e56fd34408186e4bbccfd4996cb3dc -> 
  custom:container-muxer-webm: aa71ff27fc2769a1b78a27578f13a17b -> 
  custom:container-demuxer-webm: 4f35f7cbe854078d1ac9338744f61a02 -> 
  custom:video-encoder-webm-vp8: eb34c28f22e8b96e1ab97ce403110664 -> 
  custom:audio-encoder-webm-vorbis: bf7c407c2cedff20999df2af8eb42d56 -> 
  custom:framework-win-MediaFoundation: 216162199b28c13a410421893ffa2e32 -> 
  custom:container-demuxer-ogg: 62fdf1f143b41e24485cea50d1cbac27 -> 
  custom:video-decoder-webm-vp8: 9c59270c3fd7afecdb556c50c9e8de78 -> 
  custom:audio-decoder-ogg-vorbis: bf7c407c2cedff20999df2af8eb42d56 -> 
========================================================================
Received Import Request.
  Time since last request: 425.781353 seconds.
  path: Assets/Characters/Blue Shell Guy.prefab
  artifactKey: Guid(9103c5585d1ac7746af22fc6621b1331) Importer(815301076,1909f56bfc062723c751e8b465ee728b)
Start importing Assets/Characters/Blue Shell Guy.prefab using Guid(9103c5585d1ac7746af22fc6621b1331) Importer(815301076,1909f56bfc062723c751e8b465ee728b)  -> (artifact id: 'cb761cc448fab4f855d14e7dee9631e5') in 0.175021 seconds 
========================================================================
Received Import Request.
  Time since last request: 1.851415 seconds.
  path: Assets/Characters/Blue Shell Guy.prefab
  artifactKey: Guid(9103c5585d1ac7746af22fc6621b1331) Importer(815301076,1909f56bfc062723c751e8b465ee728b)
Start importing Assets/Characters/Blue Shell Guy.prefab using Guid(9103c5585d1ac7746af22fc6621b1331) Importer(815301076,1909f56bfc062723c751e8b465ee728b)  -> (artifact id: '85cd5a81cf9c70d325abee6f01b2543c') in 0.032058 seconds 
========================================================================
Received Import Request.
  Time since last request: 20.534702 seconds.
  path: Assets/Characters/Blue Shell Guy.prefab
  artifactKey: Guid(9103c5585d1ac7746af22fc6621b1331) Importer(815301076,1909f56bfc062723c751e8b465ee728b)
Start importing Assets/Characters/Blue Shell Guy.prefab using Guid(9103c5585d1ac7746af22fc6621b1331) Importer(815301076,1909f56bfc062723c751e8b465ee728b)  -> (artifact id: 'cacb1ee48deb9c8855216b181a17632a') in 0.024886 seconds 
========================================================================
Received Import Request.
  Time since last request: 15.151744 seconds.
  path: Assets/Characters/Horn Skull.prefab
  artifactKey: Guid(3e23f20339a553d4d969047fb70f2158) Importer(815301076,1909f56bfc062723c751e8b465ee728b)
Start importing Assets/Characters/Horn Skull.prefab using Guid(3e23f20339a553d4d969047fb70f2158) Importer(815301076,1909f56bfc062723c751e8b465ee728b)  -> (artifact id: 'a6b292df340fd54f26c63aa2ff1b02fb') in 0.041871 seconds 
========================================================================
Received Import Request.
  Time since last request: 1.740503 seconds.
  path: Assets/Characters/Horn Skull.prefab
  artifactKey: Guid(3e23f20339a553d4d969047fb70f2158) Importer(815301076,1909f56bfc062723c751e8b465ee728b)
Start importing Assets/Characters/Horn Skull.prefab using Guid(3e23f20339a553d4d969047fb70f2158) Importer(815301076,1909f56bfc062723c751e8b465ee728b)  -> (artifact id: 'e536c940cba803104f99594737d79c83') in 0.042654 seconds 
========================================================================
Received Import Request.
  Time since last request: 1305.600980 seconds.
  path: Assets/Characters/Horn Skull.prefab
  artifactKey: Guid(3e23f20339a553d4d969047fb70f2158) Importer(815301076,1909f56bfc062723c751e8b465ee728b)
Start importing Assets/Characters/Horn Skull.prefab using Guid(3e23f20339a553d4d969047fb70f2158) Importer(815301076,1909f56bfc062723c751e8b465ee728b)  -> (artifact id: 'acb7f689cd9bff20898fcb2830fde191') in 0.020216 seconds 
========================================================================
Received Import Request.
  Time since last request: 6.326348 seconds.
  path: Assets/Characters/Horn Skull.prefab
  artifactKey: Guid(3e23f20339a553d4d969047fb70f2158) Importer(815301076,1909f56bfc062723c751e8b465ee728b)
Start importing Assets/Characters/Horn Skull.prefab using Guid(3e23f20339a553d4d969047fb70f2158) Importer(815301076,1909f56bfc062723c751e8b465ee728b)  -> (artifact id: 'ce91d977e23abb1e41a9688431ced990') in 0.020863 seconds 
========================================================================
Received Import Request.
  Time since last request: 24.178094 seconds.
  path: Assets/Characters/Horn Skull.prefab
  artifactKey: Guid(3e23f20339a553d4d969047fb70f2158) Importer(815301076,1909f56bfc062723c751e8b465ee728b)
Start importing Assets/Characters/Horn Skull.prefab using Guid(3e23f20339a553d4d969047fb70f2158) Importer(815301076,1909f56bfc062723c751e8b465ee728b)  -> (artifact id: '30c8d63d4811d18d5e5999abf0a94b06') in 0.022937 seconds 
========================================================================
Received Import Request.
  Time since last request: 5.389942 seconds.
  path: Assets/Characters/Horn Skull.prefab
  artifactKey: Guid(3e23f20339a553d4d969047fb70f2158) Importer(815301076,1909f56bfc062723c751e8b465ee728b)
Start importing Assets/Characters/Horn Skull.prefab using Guid(3e23f20339a553d4d969047fb70f2158) Importer(815301076,1909f56bfc062723c751e8b465ee728b)  -> (artifact id: 'b41fab3d9dc2b0d70b9d2a8d9ea768d2') in 0.024146 seconds 
========================================================================
Received Import Request.
  Time since last request: 231.081892 seconds.
  path: Assets/Characters/Horn Skull.prefab
  artifactKey: Guid(3e23f20339a553d4d969047fb70f2158) Importer(815301076,1909f56bfc062723c751e8b465ee728b)
Start importing Assets/Characters/Horn Skull.prefab using Guid(3e23f20339a553d4d969047fb70f2158) Importer(815301076,1909f56bfc062723c751e8b465ee728b)  -> (artifact id: 'ab763cbb0eb16618c63735093ea05daa') in 0.027030 seconds 
========================================================================
Received Import Request.
  Time since last request: 2.276857 seconds.
  path: Assets/Characters/Horn Skull.prefab
  artifactKey: Guid(3e23f20339a553d4d969047fb70f2158) Importer(815301076,1909f56bfc062723c751e8b465ee728b)
Start importing Assets/Characters/Horn Skull.prefab using Guid(3e23f20339a553d4d969047fb70f2158) Importer(815301076,1909f56bfc062723c751e8b465ee728b)  -> (artifact id: '14057198f3b9f0fe0bcb9cb8a56e6fca') in 0.027690 seconds 
========================================================================
Received Import Request.
  Time since last request: 3.104021 seconds.
  path: Assets/Characters/Horn Skull.prefab
  artifactKey: Guid(3e23f20339a553d4d969047fb70f2158) Importer(815301076,1909f56bfc062723c751e8b465ee728b)
Start importing Assets/Characters/Horn Skull.prefab using Guid(3e23f20339a553d4d969047fb70f2158) Importer(815301076,1909f56bfc062723c751e8b465ee728b)  -> (artifact id: 'e5602a025d72e5db1e53ab931f567b37') in 0.021422 seconds 
========================================================================
Received Import Request.
  Time since last request: 12.180670 seconds.
  path: Assets/Characters/Horn Skull.prefab
  artifactKey: Guid(3e23f20339a553d4d969047fb70f2158) Importer(815301076,1909f56bfc062723c751e8b465ee728b)
Start importing Assets/Characters/Horn Skull.prefab using Guid(3e23f20339a553d4d969047fb70f2158) Importer(815301076,1909f56bfc062723c751e8b465ee728b)  -> (artifact id: 'b5fd6747a8ad401830ab9991d462f33a') in 0.023912 seconds 
========================================================================
Received Import Request.
  Time since last request: 40.275612 seconds.
  path: Assets/Characters/Red Angry Guy.prefab
  artifactKey: Guid(f6513724eef05974091c49fe0f8009cd) Importer(815301076,1909f56bfc062723c751e8b465ee728b)
Start importing Assets/Characters/Red Angry Guy.prefab using Guid(f6513724eef05974091c49fe0f8009cd) Importer(815301076,1909f56bfc062723c751e8b465ee728b)  -> (artifact id: '1738e935da9193b8141c7ad43ded510d') in 0.020863 seconds 
========================================================================
Received Import Request.
  Time since last request: 3.582207 seconds.
  path: Assets/Characters/Red Angry Guy.prefab
  artifactKey: Guid(f6513724eef05974091c49fe0f8009cd) Importer(815301076,1909f56bfc062723c751e8b465ee728b)
Start importing Assets/Characters/Red Angry Guy.prefab using Guid(f6513724eef05974091c49fe0f8009cd) Importer(815301076,1909f56bfc062723c751e8b465ee728b)  -> (artifact id: '74bd18c62760db399d4f1699b60420aa') in 0.026814 seconds 
========================================================================
Received Import Request.
  Time since last request: 0.790844 seconds.
  path: Assets/Characters/Red Angry Guy.prefab
  artifactKey: Guid(f6513724eef05974091c49fe0f8009cd) Importer(815301076,1909f56bfc062723c751e8b465ee728b)
Start importing Assets/Characters/Red Angry Guy.prefab using Guid(f6513724eef05974091c49fe0f8009cd) Importer(815301076,1909f56bfc062723c751e8b465ee728b)  -> (artifact id: '1501e8234760bddfe57b578a35c8e7d2') in 0.020770 seconds 
========================================================================
Received Import Request.
  Time since last request: 2.787476 seconds.
  path: Assets/Characters/Red Angry Guy.prefab
  artifactKey: Guid(f6513724eef05974091c49fe0f8009cd) Importer(815301076,1909f56bfc062723c751e8b465ee728b)
Start importing Assets/Characters/Red Angry Guy.prefab using Guid(f6513724eef05974091c49fe0f8009cd) Importer(815301076,1909f56bfc062723c751e8b465ee728b)  -> (artifact id: '05d235fb1cf61929e90cb2eeca951542') in 0.021334 seconds 
========================================================================
Received Import Request.
  Time since last request: 5.379471 seconds.
  path: Assets/Characters/Red Angry Guy.prefab
  artifactKey: Guid(f6513724eef05974091c49fe0f8009cd) Importer(815301076,1909f56bfc062723c751e8b465ee728b)
Start importing Assets/Characters/Red Angry Guy.prefab using Guid(f6513724eef05974091c49fe0f8009cd) Importer(815301076,1909f56bfc062723c751e8b465ee728b)  -> (artifact id: '1dcdf0bd69182093cb42dace5996b9b1') in 0.018373 seconds 
========================================================================
Received Import Request.
  Time since last request: 18.326843 seconds.
  path: Assets/Characters/Red Angry Guy.prefab
  artifactKey: Guid(f6513724eef05974091c49fe0f8009cd) Importer(815301076,1909f56bfc062723c751e8b465ee728b)
Start importing Assets/Characters/Red Angry Guy.prefab using Guid(f6513724eef05974091c49fe0f8009cd) Importer(815301076,1909f56bfc062723c751e8b465ee728b)  -> (artifact id: '599736e3947ae3f7761d96488be40e24') in 0.021711 seconds 
========================================================================
Received Import Request.
  Time since last request: 11.220441 seconds.
  path: Assets/Characters/Silly Ozrange Bird.prefab
  artifactKey: Guid(7e4f27064bfce9a449d7d9e4f9a3a0b6) Importer(815301076,1909f56bfc062723c751e8b465ee728b)
Start importing Assets/Characters/Silly Ozrange Bird.prefab using Guid(7e4f27064bfce9a449d7d9e4f9a3a0b6) Importer(815301076,1909f56bfc062723c751e8b465ee728b)  -> (artifact id: 'b5292530c0f1a4a8027ac62f28de7418') in 0.018762 seconds 
========================================================================
Received Import Request.
  Time since last request: 9.047486 seconds.
  path: Assets/Characters/Silly Ozrange Bird.prefab
  artifactKey: Guid(7e4f27064bfce9a449d7d9e4f9a3a0b6) Importer(815301076,1909f56bfc062723c751e8b465ee728b)
Start importing Assets/Characters/Silly Ozrange Bird.prefab using Guid(7e4f27064bfce9a449d7d9e4f9a3a0b6) Importer(815301076,1909f56bfc062723c751e8b465ee728b)  -> (artifact id: '22d5ff2222fcc8604242f4493606e6bd') in 0.019981 seconds 
========================================================================
Received Import Request.
  Time since last request: 4.003217 seconds.
  path: Assets/Characters/Silly Ozrange Bird.prefab
  artifactKey: Guid(7e4f27064bfce9a449d7d9e4f9a3a0b6) Importer(815301076,1909f56bfc062723c751e8b465ee728b)
Start importing Assets/Characters/Silly Ozrange Bird.prefab using Guid(7e4f27064bfce9a449d7d9e4f9a3a0b6) Importer(815301076,1909f56bfc062723c751e8b465ee728b)  -> (artifact id: 'd09fc8a65b388b9d26995fa5bbe1f1b8') in 0.024198 seconds 
========================================================================
Received Import Request.
  Time since last request: 2.421422 seconds.
  path: Assets/Characters/Silly Ozrange Bird.prefab
  artifactKey: Guid(7e4f27064bfce9a449d7d9e4f9a3a0b6) Importer(815301076,1909f56bfc062723c751e8b465ee728b)
Start importing Assets/Characters/Silly Ozrange Bird.prefab using Guid(7e4f27064bfce9a449d7d9e4f9a3a0b6) Importer(815301076,1909f56bfc062723c751e8b465ee728b)  -> (artifact id: 'c0ac11409903fc35db345d74503cba38') in 0.021505 seconds 
========================================================================
Received Import Request.
  Time since last request: 8.384504 seconds.
  path: Assets/Characters/Silly Ozrange Bird.prefab
  artifactKey: Guid(7e4f27064bfce9a449d7d9e4f9a3a0b6) Importer(815301076,1909f56bfc062723c751e8b465ee728b)
Start importing Assets/Characters/Silly Ozrange Bird.prefab using Guid(7e4f27064bfce9a449d7d9e4f9a3a0b6) Importer(815301076,1909f56bfc062723c751e8b465ee728b)  -> (artifact id: '9314baf246b5407525c6d4d5c6fa9f42') in 0.021980 seconds 
========================================================================
Received Import Request.
  Time since last request: 2.432588 seconds.
  path: Assets/Characters/Silly Ozrange Bird.prefab
  artifactKey: Guid(7e4f27064bfce9a449d7d9e4f9a3a0b6) Importer(815301076,1909f56bfc062723c751e8b465ee728b)
Start importing Assets/Characters/Silly Ozrange Bird.prefab using Guid(7e4f27064bfce9a449d7d9e4f9a3a0b6) Importer(815301076,1909f56bfc062723c751e8b465ee728b)  -> (artifact id: '4dadee8f766aef727a1429087d4a981e') in 0.026996 seconds 
========================================================================
Received Import Request.
  Time since last request: 5.056739 seconds.
  path: Assets/Characters/Red Angry Guy.prefab
  artifactKey: Guid(f6513724eef05974091c49fe0f8009cd) Importer(815301076,1909f56bfc062723c751e8b465ee728b)
Start importing Assets/Characters/Red Angry Guy.prefab using Guid(f6513724eef05974091c49fe0f8009cd) Importer(815301076,1909f56bfc062723c751e8b465ee728b)  -> (artifact id: 'db21d76709e76e480dfb2cc2135ba177') in 0.026692 seconds 
========================================================================
Received Import Request.
  Time since last request: 2.604415 seconds.
  path: Assets/Characters/Red Angry Guy.prefab
  artifactKey: Guid(f6513724eef05974091c49fe0f8009cd) Importer(815301076,1909f56bfc062723c751e8b465ee728b)
Start importing Assets/Characters/Red Angry Guy.prefab using Guid(f6513724eef05974091c49fe0f8009cd) Importer(815301076,1909f56bfc062723c751e8b465ee728b)  -> (artifact id: 'df0bfe17f8f346a52a4f377104fc5cff') in 0.037623 seconds 
========================================================================
Received Prepare
Registering precompiled user dll's ...
Registered in 0.013298 seconds.
Begin MonoManager ReloadAssembly
Symbol file LoadedFromMemory doesn't match image C:\FlappyBirdGitHub\FlappyBird\flappy\Library\PackageCache\com.unity.visualscripting@1.8.0\Editor\VisualScripting.Core\Dependencies\YamlDotNet\Unity.VisualScripting.YamlDotNet.dll
Symbol file LoadedFromMemory doesn't match image C:\FlappyBirdGitHub\FlappyBird\flappy\Library\PackageCache\com.unity.visualscripting@1.8.0\Editor\VisualScripting.Core\Dependencies\DotNetZip\Unity.VisualScripting.IonicZip.dll
Native extension for WindowsStandalone target not found
Refreshing native plugins compatible for Editor in 2.11 ms, found 3 plugins.
Preloading 0 native plugins for Editor in 0.00 ms.
Mono: successfully reloaded assembly
- Completed reload, in  4.368 seconds
Domain Reload Profiling:
	ReloadAssembly (4370ms)
		BeginReloadAssembly (309ms)
			ExecutionOrderSort (0ms)
			DisableScriptedObjects (10ms)
			BackupInstance (0ms)
			ReleaseScriptingObjects (0ms)
			CreateAndSetChildDomain (67ms)
		EndReloadAssembly (3669ms)
			LoadAssemblies (404ms)
			RebuildTransferFunctionScriptingTraits (0ms)
			SetupTypeCache (1291ms)
			ReleaseScriptCaches (8ms)
			RebuildScriptCaches (143ms)
			SetupLoadedEditorAssemblies (1621ms)
				LogAssemblyErrors (0ms)
				InitializePlatformSupportModulesInManaged (25ms)
				SetLoadedEditorAssemblies (2ms)
				RefreshPlugins (2ms)
				BeforeProcessingInitializeOnLoad (237ms)
				ProcessInitializeOnLoadAttributes (1259ms)
				ProcessInitializeOnLoadMethodAttributes (66ms)
				AfterProcessingInitializeOnLoad (29ms)
				EditorAssembliesLoaded (0ms)
			ExecutionOrderSort2 (0ms)
			AwakeInstancesAfterBackupRestoration (33ms)
Platform modules already initialized, skipping
Refreshing native plugins compatible for Editor in 10.88 ms, found 3 plugins.
Preloading 0 native plugins for Editor in 0.00 ms.
Unloading 2999 Unused Serialized files (Serialized files now loaded: 0)
Unloading 15 unused Assets / (24.6 KB). Loaded Objects now: 3513.
Memory consumption went from 110.5 MB to 110.5 MB.
Total: 13.344300 ms (FindLiveObjects: 1.573500 ms CreateObjectMapping: 1.542200 ms MarkObjects: 10.126000 ms  DeleteObjects: 0.099100 ms)

AssetImportParameters requested are different than current active one (requested -> active):
  custom:video-decoder-ogg-theora: a1e56fd34408186e4bbccfd4996cb3dc -> 
  custom:container-muxer-webm: aa71ff27fc2769a1b78a27578f13a17b -> 
  custom:container-demuxer-webm: 4f35f7cbe854078d1ac9338744f61a02 -> 
  custom:video-encoder-webm-vp8: eb34c28f22e8b96e1ab97ce403110664 -> 
  custom:audio-encoder-webm-vorbis: bf7c407c2cedff20999df2af8eb42d56 -> 
  custom:framework-win-MediaFoundation: 216162199b28c13a410421893ffa2e32 -> 
  custom:container-demuxer-ogg: 62fdf1f143b41e24485cea50d1cbac27 -> 
  custom:video-decoder-webm-vp8: 9c59270c3fd7afecdb556c50c9e8de78 -> 
  custom:audio-decoder-ogg-vorbis: bf7c407c2cedff20999df2af8eb42d56 -> 
========================================================================
Received Prepare
Registering precompiled user dll's ...
Registered in 0.014289 seconds.
Begin MonoManager ReloadAssembly
Symbol file LoadedFromMemory doesn't match image C:\FlappyBirdGitHub\FlappyBird\flappy\Library\PackageCache\com.unity.visualscripting@1.8.0\Editor\VisualScripting.Core\Dependencies\YamlDotNet\Unity.VisualScripting.YamlDotNet.dll
Symbol file LoadedFromMemory doesn't match image C:\FlappyBirdGitHub\FlappyBird\flappy\Library\PackageCache\com.unity.visualscripting@1.8.0\Editor\VisualScripting.Core\Dependencies\DotNetZip\Unity.VisualScripting.IonicZip.dll
Native extension for WindowsStandalone target not found
Refreshing native plugins compatible for Editor in 5.26 ms, found 3 plugins.
Preloading 0 native plugins for Editor in 0.00 ms.
Mono: successfully reloaded assembly
- Completed reload, in  4.012 seconds
Domain Reload Profiling:
	ReloadAssembly (4014ms)
		BeginReloadAssembly (301ms)
			ExecutionOrderSort (0ms)
			DisableScriptedObjects (10ms)
			BackupInstance (0ms)
			ReleaseScriptingObjects (0ms)
			CreateAndSetChildDomain (64ms)
		EndReloadAssembly (3435ms)
			LoadAssemblies (233ms)
			RebuildTransferFunctionScriptingTraits (0ms)
			SetupTypeCache (754ms)
			ReleaseScriptCaches (6ms)
			RebuildScriptCaches (162ms)
			SetupLoadedEditorAssemblies (2108ms)
				LogAssemblyErrors (0ms)
				InitializePlatformSupportModulesInManaged (29ms)
				SetLoadedEditorAssemblies (2ms)
				RefreshPlugins (6ms)
				BeforeProcessingInitializeOnLoad (214ms)
				ProcessInitializeOnLoadAttributes (1665ms)
				ProcessInitializeOnLoadMethodAttributes (146ms)
				AfterProcessingInitializeOnLoad (47ms)
				EditorAssembliesLoaded (0ms)
			ExecutionOrderSort2 (0ms)
			AwakeInstancesAfterBackupRestoration (33ms)
Platform modules already initialized, skipping
Refreshing native plugins compatible for Editor in 16.69 ms, found 3 plugins.
Preloading 0 native plugins for Editor in 0.00 ms.
Unloading 2999 Unused Serialized files (Serialized files now loaded: 0)
Unloading 15 unused Assets / (24.7 KB). Loaded Objects now: 3516.
Memory consumption went from 110.5 MB to 110.5 MB.
Total: 16.500800 ms (FindLiveObjects: 1.459600 ms CreateObjectMapping: 0.660600 ms MarkObjects: 14.228700 ms  DeleteObjects: 0.148200 ms)

AssetImportParameters requested are different than current active one (requested -> active):
  custom:video-decoder-ogg-theora: a1e56fd34408186e4bbccfd4996cb3dc -> 
  custom:container-muxer-webm: aa71ff27fc2769a1b78a27578f13a17b -> 
  custom:container-demuxer-webm: 4f35f7cbe854078d1ac9338744f61a02 -> 
  custom:video-encoder-webm-vp8: eb34c28f22e8b96e1ab97ce403110664 -> 
  custom:audio-encoder-webm-vorbis: bf7c407c2cedff20999df2af8eb42d56 -> 
  custom:framework-win-MediaFoundation: 216162199b28c13a410421893ffa2e32 -> 
  custom:container-demuxer-ogg: 62fdf1f143b41e24485cea50d1cbac27 -> 
  custom:video-decoder-webm-vp8: 9c59270c3fd7afecdb556c50c9e8de78 -> 
  custom:audio-decoder-ogg-vorbis: bf7c407c2cedff20999df2af8eb42d56 -> 
========================================================================
Received Import Request.
  Time since last request: 2387.008941 seconds.
  path: Assets/Characters/Horn Skull.prefab
  artifactKey: Guid(3e23f20339a553d4d969047fb70f2158) Importer(815301076,1909f56bfc062723c751e8b465ee728b)
Start importing Assets/Characters/Horn Skull.prefab using Guid(3e23f20339a553d4d969047fb70f2158) Importer(815301076,1909f56bfc062723c751e8b465ee728b)  -> (artifact id: 'c74e16036637876238b359183020d603') in 0.164664 seconds 
========================================================================
Received Import Request.
  Time since last request: 3.406694 seconds.
  path: Assets/Characters/Horn Skull.prefab
  artifactKey: Guid(3e23f20339a553d4d969047fb70f2158) Importer(815301076,1909f56bfc062723c751e8b465ee728b)
Start importing Assets/Characters/Horn Skull.prefab using Guid(3e23f20339a553d4d969047fb70f2158) Importer(815301076,1909f56bfc062723c751e8b465ee728b)  -> (artifact id: '30ea460549f304d6a4fcb700cd9c0199') in 0.021461 seconds 
========================================================================
Received Import Request.
  Time since last request: 18.726553 seconds.
  path: Assets/Characters/Horn Skull.prefab
  artifactKey: Guid(3e23f20339a553d4d969047fb70f2158) Importer(815301076,1909f56bfc062723c751e8b465ee728b)
Start importing Assets/Characters/Horn Skull.prefab using Guid(3e23f20339a553d4d969047fb70f2158) Importer(815301076,1909f56bfc062723c751e8b465ee728b)  -> (artifact id: '81948c82d1aaa5297968e3506302dc40') in 0.018447 seconds 
========================================================================
Received Import Request.
  Time since last request: 27.482248 seconds.
  path: Assets/Characters/Blue Shell Guy.prefab
  artifactKey: Guid(9103c5585d1ac7746af22fc6621b1331) Importer(815301076,1909f56bfc062723c751e8b465ee728b)
Start importing Assets/Characters/Blue Shell Guy.prefab using Guid(9103c5585d1ac7746af22fc6621b1331) Importer(815301076,1909f56bfc062723c751e8b465ee728b)  -> (artifact id: 'e2132b58bdfcf4c0134ffbf20dae1f2f') in 0.020495 seconds 
========================================================================
Received Import Request.
  Time since last request: 8.278421 seconds.
  path: Assets/Characters/Blue Shell Guy.prefab
  artifactKey: Guid(9103c5585d1ac7746af22fc6621b1331) Importer(815301076,1909f56bfc062723c751e8b465ee728b)
Start importing Assets/Characters/Blue Shell Guy.prefab using Guid(9103c5585d1ac7746af22fc6621b1331) Importer(815301076,1909f56bfc062723c751e8b465ee728b)  -> (artifact id: '938fae1b9456d0b0c566cd67e1c0ca76') in 0.026710 seconds 
========================================================================
Received Import Request.
  Time since last request: 29.774937 seconds.
  path: Assets/Characters/Red Angry Guy.prefab
  artifactKey: Guid(f6513724eef05974091c49fe0f8009cd) Importer(815301076,1909f56bfc062723c751e8b465ee728b)
Start importing Assets/Characters/Red Angry Guy.prefab using Guid(f6513724eef05974091c49fe0f8009cd) Importer(815301076,1909f56bfc062723c751e8b465ee728b)  -> (artifact id: '9971ecfbb5d03511ac89eb52129f9f1e') in 0.024488 seconds 
========================================================================
Received Import Request.
  Time since last request: 1.837379 seconds.
  path: Assets/Characters/Red Angry Guy.prefab
  artifactKey: Guid(f6513724eef05974091c49fe0f8009cd) Importer(815301076,1909f56bfc062723c751e8b465ee728b)
Start importing Assets/Characters/Red Angry Guy.prefab using Guid(f6513724eef05974091c49fe0f8009cd) Importer(815301076,1909f56bfc062723c751e8b465ee728b)  -> (artifact id: '93064e3e0eb38c734f07ebe987aa0b18') in 0.021211 seconds 
========================================================================
Received Import Request.
  Time since last request: 2.262187 seconds.
  path: Assets/Characters/Red Angry Guy.prefab
  artifactKey: Guid(f6513724eef05974091c49fe0f8009cd) Importer(815301076,1909f56bfc062723c751e8b465ee728b)
Start importing Assets/Characters/Red Angry Guy.prefab using Guid(f6513724eef05974091c49fe0f8009cd) Importer(815301076,1909f56bfc062723c751e8b465ee728b)  -> (artifact id: '515ee20d7660e2d62e151350581df46a') in 0.020203 seconds 
========================================================================
Received Import Request.
  Time since last request: 81.573152 seconds.
  path: Assets/Characters/Bird.prefab
  artifactKey: Guid(a32b1b3d6a924544fb8c00bbde1ed0d6) Importer(815301076,1909f56bfc062723c751e8b465ee728b)
Start importing Assets/Characters/Bird.prefab using Guid(a32b1b3d6a924544fb8c00bbde1ed0d6) Importer(815301076,1909f56bfc062723c751e8b465ee728b)  -> (artifact id: 'b0bd6234f51f177e79cc10d32e412df9') in 0.022744 seconds 
========================================================================
Received Import Request.
  Time since last request: 1.171393 seconds.
  path: Assets/Characters/Bird.prefab
  artifactKey: Guid(a32b1b3d6a924544fb8c00bbde1ed0d6) Importer(815301076,1909f56bfc062723c751e8b465ee728b)
Start importing Assets/Characters/Bird.prefab using Guid(a32b1b3d6a924544fb8c00bbde1ed0d6) Importer(815301076,1909f56bfc062723c751e8b465ee728b)  -> (artifact id: '9ce00333f9ff2a32f60d453fffe4a4ab') in 0.024302 seconds 
========================================================================
Received Import Request.
  Time since last request: 36.224754 seconds.
  path: Assets/Characters/Silly Ozrange Bird.prefab
  artifactKey: Guid(7e4f27064bfce9a449d7d9e4f9a3a0b6) Importer(815301076,1909f56bfc062723c751e8b465ee728b)
Start importing Assets/Characters/Silly Ozrange Bird.prefab using Guid(7e4f27064bfce9a449d7d9e4f9a3a0b6) Importer(815301076,1909f56bfc062723c751e8b465ee728b)  -> (artifact id: '4500918453def21f5f892f74df2038d3') in 0.024933 seconds 
========================================================================
Received Import Request.
  Time since last request: 8.958842 seconds.
  path: Assets/Characters/Silly Ozrange Bird.prefab
  artifactKey: Guid(7e4f27064bfce9a449d7d9e4f9a3a0b6) Importer(815301076,1909f56bfc062723c751e8b465ee728b)
Start importing Assets/Characters/Silly Ozrange Bird.prefab using Guid(7e4f27064bfce9a449d7d9e4f9a3a0b6) Importer(815301076,1909f56bfc062723c751e8b465ee728b)  -> (artifact id: 'd25631f2e8e4d62814273adc49504abf') in 0.022673 seconds 
========================================================================
Received Prepare
Registering precompiled user dll's ...
Registered in 0.011758 seconds.
Begin MonoManager ReloadAssembly
Symbol file LoadedFromMemory doesn't match image C:\FlappyBirdGitHub\FlappyBird\flappy\Library\PackageCache\com.unity.visualscripting@1.8.0\Editor\VisualScripting.Core\Dependencies\YamlDotNet\Unity.VisualScripting.YamlDotNet.dll
Symbol file LoadedFromMemory doesn't match image C:\FlappyBirdGitHub\FlappyBird\flappy\Library\PackageCache\com.unity.visualscripting@1.8.0\Editor\VisualScripting.Core\Dependencies\DotNetZip\Unity.VisualScripting.IonicZip.dll
Native extension for WindowsStandalone target not found
Refreshing native plugins compatible for Editor in 4.20 ms, found 3 plugins.
Preloading 0 native plugins for Editor in 0.00 ms.
Mono: successfully reloaded assembly
- Completed reload, in  3.445 seconds
Domain Reload Profiling:
	ReloadAssembly (3449ms)
		BeginReloadAssembly (312ms)
			ExecutionOrderSort (0ms)
			DisableScriptedObjects (11ms)
			BackupInstance (0ms)
			ReleaseScriptingObjects (0ms)
			CreateAndSetChildDomain (63ms)
		EndReloadAssembly (2810ms)
			LoadAssemblies (246ms)
			RebuildTransferFunctionScriptingTraits (0ms)
			SetupTypeCache (742ms)
			ReleaseScriptCaches (4ms)
			RebuildScriptCaches (147ms)
			SetupLoadedEditorAssemblies (1488ms)
				LogAssemblyErrors (0ms)
				InitializePlatformSupportModulesInManaged (23ms)
				SetLoadedEditorAssemblies (2ms)
				RefreshPlugins (5ms)
				BeforeProcessingInitializeOnLoad (192ms)
				ProcessInitializeOnLoadAttributes (1164ms)
				ProcessInitializeOnLoadMethodAttributes (70ms)
				AfterProcessingInitializeOnLoad (32ms)
				EditorAssembliesLoaded (1ms)
			ExecutionOrderSort2 (0ms)
			AwakeInstancesAfterBackupRestoration (44ms)
Platform modules already initialized, skipping
Refreshing native plugins compatible for Editor in 12.42 ms, found 3 plugins.
Preloading 0 native plugins for Editor in 0.00 ms.
Unloading 2999 Unused Serialized files (Serialized files now loaded: 0)
Unloading 15 unused Assets / (24.7 KB). Loaded Objects now: 3519.
Memory consumption went from 110.5 MB to 110.5 MB.
Total: 15.302500 ms (FindLiveObjects: 2.750000 ms CreateObjectMapping: 0.936300 ms MarkObjects: 11.491500 ms  DeleteObjects: 0.120400 ms)

AssetImportParameters requested are different than current active one (requested -> active):
  custom:video-decoder-ogg-theora: a1e56fd34408186e4bbccfd4996cb3dc -> 
  custom:container-muxer-webm: aa71ff27fc2769a1b78a27578f13a17b -> 
  custom:container-demuxer-webm: 4f35f7cbe854078d1ac9338744f61a02 -> 
  custom:video-encoder-webm-vp8: eb34c28f22e8b96e1ab97ce403110664 -> 
  custom:audio-encoder-webm-vorbis: bf7c407c2cedff20999df2af8eb42d56 -> 
  custom:framework-win-MediaFoundation: 216162199b28c13a410421893ffa2e32 -> 
  custom:container-demuxer-ogg: 62fdf1f143b41e24485cea50d1cbac27 -> 
  custom:video-decoder-webm-vp8: 9c59270c3fd7afecdb556c50c9e8de78 -> 
  custom:audio-decoder-ogg-vorbis: bf7c407c2cedff20999df2af8eb42d56 -> 
========================================================================
Received Prepare
Registering precompiled user dll's ...
Registered in 0.012155 seconds.
Begin MonoManager ReloadAssembly
Symbol file LoadedFromMemory doesn't match image C:\FlappyBirdGitHub\FlappyBird\flappy\Library\PackageCache\com.unity.visualscripting@1.8.0\Editor\VisualScripting.Core\Dependencies\YamlDotNet\Unity.VisualScripting.YamlDotNet.dll
Symbol file LoadedFromMemory doesn't match image C:\FlappyBirdGitHub\FlappyBird\flappy\Library\PackageCache\com.unity.visualscripting@1.8.0\Editor\VisualScripting.Core\Dependencies\DotNetZip\Unity.VisualScripting.IonicZip.dll
Native extension for WindowsStandalone target not found
Refreshing native plugins compatible for Editor in 3.35 ms, found 3 plugins.
Preloading 0 native plugins for Editor in 0.00 ms.
Mono: successfully reloaded assembly
- Completed reload, in  3.452 seconds
Domain Reload Profiling:
	ReloadAssembly (3455ms)
		BeginReloadAssembly (318ms)
			ExecutionOrderSort (0ms)
			DisableScriptedObjects (10ms)
			BackupInstance (0ms)
			ReleaseScriptingObjects (0ms)
			CreateAndSetChildDomain (64ms)
		EndReloadAssembly (2829ms)
			LoadAssemblies (276ms)
			RebuildTransferFunctionScriptingTraits (0ms)
			SetupTypeCache (769ms)
			ReleaseScriptCaches (6ms)
			RebuildScriptCaches (147ms)
			SetupLoadedEditorAssemblies (1443ms)
				LogAssemblyErrors (0ms)
				InitializePlatformSupportModulesInManaged (20ms)
				SetLoadedEditorAssemblies (1ms)
				RefreshPlugins (4ms)
				BeforeProcessingInitializeOnLoad (199ms)
				ProcessInitializeOnLoadAttributes (1104ms)
				ProcessInitializeOnLoadMethodAttributes (80ms)
				AfterProcessingInitializeOnLoad (35ms)
				EditorAssembliesLoaded (1ms)
			ExecutionOrderSort2 (0ms)
			AwakeInstancesAfterBackupRestoration (45ms)
Platform modules already initialized, skipping
Refreshing native plugins compatible for Editor in 6.84 ms, found 3 plugins.
Preloading 0 native plugins for Editor in 0.00 ms.
Unloading 2999 Unused Serialized files (Serialized files now loaded: 0)
Unloading 15 unused Assets / (24.7 KB). Loaded Objects now: 3522.
Memory consumption went from 110.5 MB to 110.5 MB.
Total: 15.173700 ms (FindLiveObjects: 1.416100 ms CreateObjectMapping: 0.425200 ms MarkObjects: 13.233700 ms  DeleteObjects: 0.095900 ms)

AssetImportParameters requested are different than current active one (requested -> active):
  custom:video-decoder-ogg-theora: a1e56fd34408186e4bbccfd4996cb3dc -> 
  custom:container-muxer-webm: aa71ff27fc2769a1b78a27578f13a17b -> 
  custom:container-demuxer-webm: 4f35f7cbe854078d1ac9338744f61a02 -> 
  custom:video-encoder-webm-vp8: eb34c28f22e8b96e1ab97ce403110664 -> 
  custom:audio-encoder-webm-vorbis: bf7c407c2cedff20999df2af8eb42d56 -> 
  custom:framework-win-MediaFoundation: 216162199b28c13a410421893ffa2e32 -> 
  custom:container-demuxer-ogg: 62fdf1f143b41e24485cea50d1cbac27 -> 
  custom:video-decoder-webm-vp8: 9c59270c3fd7afecdb556c50c9e8de78 -> 
  custom:audio-decoder-ogg-vorbis: bf7c407c2cedff20999df2af8eb42d56 -> 
========================================================================
Received Prepare
Registering precompiled user dll's ...
Registered in 0.011119 seconds.
Begin MonoManager ReloadAssembly
Symbol file LoadedFromMemory doesn't match image C:\FlappyBirdGitHub\FlappyBird\flappy\Library\PackageCache\com.unity.visualscripting@1.8.0\Editor\VisualScripting.Core\Dependencies\YamlDotNet\Unity.VisualScripting.YamlDotNet.dll
Symbol file LoadedFromMemory doesn't match image C:\FlappyBirdGitHub\FlappyBird\flappy\Library\PackageCache\com.unity.visualscripting@1.8.0\Editor\VisualScripting.Core\Dependencies\DotNetZip\Unity.VisualScripting.IonicZip.dll
Native extension for WindowsStandalone target not found
Refreshing native plugins compatible for Editor in 2.31 ms, found 3 plugins.
Preloading 0 native plugins for Editor in 0.00 ms.
Mono: successfully reloaded assembly
- Completed reload, in  3.656 seconds
Domain Reload Profiling:
	ReloadAssembly (3658ms)
		BeginReloadAssembly (305ms)
			ExecutionOrderSort (0ms)
			DisableScriptedObjects (11ms)
			BackupInstance (0ms)
			ReleaseScriptingObjects (0ms)
			CreateAndSetChildDomain (62ms)
		EndReloadAssembly (3073ms)
			LoadAssemblies (286ms)
			RebuildTransferFunctionScriptingTraits (0ms)
			SetupTypeCache (1056ms)
			ReleaseScriptCaches (5ms)
			RebuildScriptCaches (139ms)
			SetupLoadedEditorAssemblies (1385ms)
				LogAssemblyErrors (0ms)
				InitializePlatformSupportModulesInManaged (26ms)
				SetLoadedEditorAssemblies (1ms)
				RefreshPlugins (3ms)
				BeforeProcessingInitializeOnLoad (230ms)
				ProcessInitializeOnLoadAttributes (1027ms)
				ProcessInitializeOnLoadMethodAttributes (67ms)
				AfterProcessingInitializeOnLoad (31ms)
				EditorAssembliesLoaded (0ms)
			ExecutionOrderSort2 (0ms)
			AwakeInstancesAfterBackupRestoration (35ms)
Platform modules already initialized, skipping
Refreshing native plugins compatible for Editor in 8.34 ms, found 3 plugins.
Preloading 0 native plugins for Editor in 0.00 ms.
Unloading 2999 Unused Serialized files (Serialized files now loaded: 0)
Unloading 15 unused Assets / (24.6 KB). Loaded Objects now: 3525.
Memory consumption went from 110.5 MB to 110.5 MB.
Total: 11.266300 ms (FindLiveObjects: 1.054200 ms CreateObjectMapping: 0.189400 ms MarkObjects: 9.911500 ms  DeleteObjects: 0.107900 ms)

AssetImportParameters requested are different than current active one (requested -> active):
  custom:video-decoder-ogg-theora: a1e56fd34408186e4bbccfd4996cb3dc -> 
  custom:container-muxer-webm: aa71ff27fc2769a1b78a27578f13a17b -> 
  custom:container-demuxer-webm: 4f35f7cbe854078d1ac9338744f61a02 -> 
  custom:video-encoder-webm-vp8: eb34c28f22e8b96e1ab97ce403110664 -> 
  custom:audio-encoder-webm-vorbis: bf7c407c2cedff20999df2af8eb42d56 -> 
  custom:framework-win-MediaFoundation: 216162199b28c13a410421893ffa2e32 -> 
  custom:container-demuxer-ogg: 62fdf1f143b41e24485cea50d1cbac27 -> 
  custom:video-decoder-webm-vp8: 9c59270c3fd7afecdb556c50c9e8de78 -> 
  custom:audio-decoder-ogg-vorbis: bf7c407c2cedff20999df2af8eb42d56 -> 
========================================================================
Received Import Request.
  Time since last request: 108.276175 seconds.
  path: Assets/Characters/Silly Ozrange Bird.prefab
  artifactKey: Guid(7e4f27064bfce9a449d7d9e4f9a3a0b6) Importer(815301076,1909f56bfc062723c751e8b465ee728b)
Start importing Assets/Characters/Silly Ozrange Bird.prefab using Guid(7e4f27064bfce9a449d7d9e4f9a3a0b6) Importer(815301076,1909f56bfc062723c751e8b465ee728b)  -> (artifact id: '4f176ba9a5cba449967c3cf3e9de82f8') in 0.163704 seconds 
========================================================================
Received Import Request.
  Time since last request: 2.220932 seconds.
  path: Assets/Characters/Silly Ozrange Bird.prefab
  artifactKey: Guid(7e4f27064bfce9a449d7d9e4f9a3a0b6) Importer(815301076,1909f56bfc062723c751e8b465ee728b)
Start importing Assets/Characters/Silly Ozrange Bird.prefab using Guid(7e4f27064bfce9a449d7d9e4f9a3a0b6) Importer(815301076,1909f56bfc062723c751e8b465ee728b)  -> (artifact id: '8bc460f5b1be5f6bd23aaaa44b7a1bb0') in 0.035582 seconds 
========================================================================
Received Import Request.
  Time since last request: 47.990134 seconds.
  path: Assets/Scripts/Bottom.prefab
  artifactKey: Guid(fc0223335eaf45d4b8bb3c1b7b83ced9) Importer(815301076,1909f56bfc062723c751e8b465ee728b)
Start importing Assets/Scripts/Bottom.prefab using Guid(fc0223335eaf45d4b8bb3c1b7b83ced9) Importer(815301076,1909f56bfc062723c751e8b465ee728b)  -> (artifact id: 'c532d36839c38215b5690779b135fc45') in 0.042509 seconds 
========================================================================
Received Import Request.
  Time since last request: 0.000063 seconds.
  path: Assets/Scripts/Top.prefab
  artifactKey: Guid(451db32566b38b44191c6e864185f317) Importer(815301076,1909f56bfc062723c751e8b465ee728b)
Start importing Assets/Scripts/Top.prefab using Guid(451db32566b38b44191c6e864185f317) Importer(815301076,1909f56bfc062723c751e8b465ee728b)  -> (artifact id: '96b59b15d89c4c0084b629cf2686b75c') in 0.031864 seconds 
========================================================================
Received Prepare
Registering precompiled user dll's ...
Registered in 0.012331 seconds.
Begin MonoManager ReloadAssembly
Symbol file LoadedFromMemory doesn't match image C:\FlappyBirdGitHub\FlappyBird\flappy\Library\PackageCache\com.unity.visualscripting@1.8.0\Editor\VisualScripting.Core\Dependencies\YamlDotNet\Unity.VisualScripting.YamlDotNet.dll
Symbol file LoadedFromMemory doesn't match image C:\FlappyBirdGitHub\FlappyBird\flappy\Library\PackageCache\com.unity.visualscripting@1.8.0\Editor\VisualScripting.Core\Dependencies\DotNetZip\Unity.VisualScripting.IonicZip.dll
Native extension for WindowsStandalone target not found
Refreshing native plugins compatible for Editor in 1.54 ms, found 3 plugins.
Preloading 0 native plugins for Editor in 0.00 ms.
Mono: successfully reloaded assembly
- Completed reload, in  2.341 seconds
Domain Reload Profiling:
	ReloadAssembly (2342ms)
		BeginReloadAssembly (304ms)
			ExecutionOrderSort (0ms)
			DisableScriptedObjects (10ms)
			BackupInstance (0ms)
			ReleaseScriptingObjects (0ms)
			CreateAndSetChildDomain (75ms)
		EndReloadAssembly (1803ms)
			LoadAssemblies (226ms)
			RebuildTransferFunctionScriptingTraits (0ms)
			SetupTypeCache (528ms)
			ReleaseScriptCaches (2ms)
			RebuildScriptCaches (93ms)
			SetupLoadedEditorAssemblies (890ms)
				LogAssemblyErrors (0ms)
				InitializePlatformSupportModulesInManaged (12ms)
				SetLoadedEditorAssemblies (1ms)
				RefreshPlugins (2ms)
				BeforeProcessingInitializeOnLoad (140ms)
				ProcessInitializeOnLoadAttributes (674ms)
				ProcessInitializeOnLoadMethodAttributes (45ms)
				AfterProcessingInitializeOnLoad (17ms)
				EditorAssembliesLoaded (0ms)
			ExecutionOrderSort2 (0ms)
			AwakeInstancesAfterBackupRestoration (23ms)
Platform modules already initialized, skipping
Refreshing native plugins compatible for Editor in 5.34 ms, found 3 plugins.
Preloading 0 native plugins for Editor in 0.00 ms.
Unloading 2999 Unused Serialized files (Serialized files now loaded: 0)
Unloading 15 unused Assets / (24.7 KB). Loaded Objects now: 3528.
Memory consumption went from 110.6 MB to 110.5 MB.
Total: 7.217400 ms (FindLiveObjects: 0.785200 ms CreateObjectMapping: 0.206700 ms MarkObjects: 6.164400 ms  DeleteObjects: 0.058900 ms)

AssetImportParameters requested are different than current active one (requested -> active):
  custom:video-decoder-ogg-theora: a1e56fd34408186e4bbccfd4996cb3dc -> 
  custom:container-muxer-webm: aa71ff27fc2769a1b78a27578f13a17b -> 
  custom:container-demuxer-webm: 4f35f7cbe854078d1ac9338744f61a02 -> 
  custom:video-encoder-webm-vp8: eb34c28f22e8b96e1ab97ce403110664 -> 
  custom:audio-encoder-webm-vorbis: bf7c407c2cedff20999df2af8eb42d56 -> 
  custom:framework-win-MediaFoundation: 216162199b28c13a410421893ffa2e32 -> 
  custom:container-demuxer-ogg: 62fdf1f143b41e24485cea50d1cbac27 -> 
  custom:video-decoder-webm-vp8: 9c59270c3fd7afecdb556c50c9e8de78 -> 
  custom:audio-decoder-ogg-vorbis: bf7c407c2cedff20999df2af8eb42d56 -> 
========================================================================
Received Prepare
Registering precompiled user dll's ...
Registered in 0.012465 seconds.
Begin MonoManager ReloadAssembly
Symbol file LoadedFromMemory doesn't match image C:\FlappyBirdGitHub\FlappyBird\flappy\Library\PackageCache\com.unity.visualscripting@1.8.0\Editor\VisualScripting.Core\Dependencies\YamlDotNet\Unity.VisualScripting.YamlDotNet.dll
Symbol file LoadedFromMemory doesn't match image C:\FlappyBirdGitHub\FlappyBird\flappy\Library\PackageCache\com.unity.visualscripting@1.8.0\Editor\VisualScripting.Core\Dependencies\DotNetZip\Unity.VisualScripting.IonicZip.dll
Native extension for WindowsStandalone target not found
Refreshing native plugins compatible for Editor in 2.53 ms, found 3 plugins.
Preloading 0 native plugins for Editor in 0.00 ms.
Mono: successfully reloaded assembly
- Completed reload, in  4.262 seconds
Domain Reload Profiling:
	ReloadAssembly (4266ms)
		BeginReloadAssembly (298ms)
			ExecutionOrderSort (0ms)
			DisableScriptedObjects (11ms)
			BackupInstance (0ms)
			ReleaseScriptingObjects (0ms)
			CreateAndSetChildDomain (63ms)
		EndReloadAssembly (3716ms)
			LoadAssemblies (229ms)
			RebuildTransferFunctionScriptingTraits (0ms)
			SetupTypeCache (549ms)
			ReleaseScriptCaches (3ms)
			RebuildScriptCaches (133ms)
			SetupLoadedEditorAssemblies (2652ms)
				LogAssemblyErrors (0ms)
				InitializePlatformSupportModulesInManaged (19ms)
				SetLoadedEditorAssemblies (1ms)
				RefreshPlugins (3ms)
				BeforeProcessingInitializeOnLoad (222ms)
				ProcessInitializeOnLoadAttributes (2086ms)
				ProcessInitializeOnLoadMethodAttributes (248ms)
				AfterProcessingInitializeOnLoad (73ms)
				EditorAssembliesLoaded (0ms)
			ExecutionOrderSort2 (0ms)
			AwakeInstancesAfterBackupRestoration (34ms)
Platform modules already initialized, skipping
Refreshing native plugins compatible for Editor in 4.29 ms, found 3 plugins.
Preloading 0 native plugins for Editor in 0.00 ms.
Unloading 2999 Unused Serialized files (Serialized files now loaded: 0)
Unloading 15 unused Assets / (24.6 KB). Loaded Objects now: 3531.
Memory consumption went from 110.6 MB to 110.5 MB.
Total: 7.606900 ms (FindLiveObjects: 0.802000 ms CreateObjectMapping: 0.263100 ms MarkObjects: 6.483700 ms  DeleteObjects: 0.056400 ms)

AssetImportParameters requested are different than current active one (requested -> active):
  custom:video-decoder-ogg-theora: a1e56fd34408186e4bbccfd4996cb3dc -> 
  custom:container-muxer-webm: aa71ff27fc2769a1b78a27578f13a17b -> 
  custom:container-demuxer-webm: 4f35f7cbe854078d1ac9338744f61a02 -> 
  custom:video-encoder-webm-vp8: eb34c28f22e8b96e1ab97ce403110664 -> 
  custom:audio-encoder-webm-vorbis: bf7c407c2cedff20999df2af8eb42d56 -> 
  custom:framework-win-MediaFoundation: 216162199b28c13a410421893ffa2e32 -> 
  custom:container-demuxer-ogg: 62fdf1f143b41e24485cea50d1cbac27 -> 
  custom:video-decoder-webm-vp8: 9c59270c3fd7afecdb556c50c9e8de78 -> 
  custom:audio-decoder-ogg-vorbis: bf7c407c2cedff20999df2af8eb42d56 -> 
========================================================================
Received Prepare
Registering precompiled user dll's ...
Registered in 0.011808 seconds.
Begin MonoManager ReloadAssembly
Symbol file LoadedFromMemory doesn't match image C:\FlappyBirdGitHub\FlappyBird\flappy\Library\PackageCache\com.unity.visualscripting@1.8.0\Editor\VisualScripting.Core\Dependencies\YamlDotNet\Unity.VisualScripting.YamlDotNet.dll
Symbol file LoadedFromMemory doesn't match image C:\FlappyBirdGitHub\FlappyBird\flappy\Library\PackageCache\com.unity.visualscripting@1.8.0\Editor\VisualScripting.Core\Dependencies\DotNetZip\Unity.VisualScripting.IonicZip.dll
Native extension for WindowsStandalone target not found
Refreshing native plugins compatible for Editor in 4.59 ms, found 3 plugins.
Preloading 0 native plugins for Editor in 0.00 ms.
Mono: successfully reloaded assembly
- Completed reload, in  2.430 seconds
Domain Reload Profiling:
	ReloadAssembly (2432ms)
		BeginReloadAssembly (325ms)
			ExecutionOrderSort (0ms)
			DisableScriptedObjects (13ms)
			BackupInstance (0ms)
			ReleaseScriptingObjects (0ms)
			CreateAndSetChildDomain (70ms)
		EndReloadAssembly (1891ms)
			LoadAssemblies (249ms)
			RebuildTransferFunctionScriptingTraits (0ms)
			SetupTypeCache (542ms)
			ReleaseScriptCaches (2ms)
			RebuildScriptCaches (88ms)
			SetupLoadedEditorAssemblies (960ms)
				LogAssemblyErrors (0ms)
				InitializePlatformSupportModulesInManaged (14ms)
				SetLoadedEditorAssemblies (1ms)
				RefreshPlugins (5ms)
				BeforeProcessingInitializeOnLoad (131ms)
				ProcessInitializeOnLoadAttributes (727ms)
				ProcessInitializeOnLoadMethodAttributes (53ms)
				AfterProcessingInitializeOnLoad (29ms)
				EditorAssembliesLoaded (0ms)
			ExecutionOrderSort2 (0ms)
			AwakeInstancesAfterBackupRestoration (31ms)
Platform modules already initialized, skipping
Refreshing native plugins compatible for Editor in 4.25 ms, found 3 plugins.
Preloading 0 native plugins for Editor in 0.00 ms.
Unloading 2999 Unused Serialized files (Serialized files now loaded: 0)
Unloading 15 unused Assets / (24.6 KB). Loaded Objects now: 3534.
Memory consumption went from 110.6 MB to 110.5 MB.
Total: 7.826200 ms (FindLiveObjects: 0.800100 ms CreateObjectMapping: 0.272800 ms MarkObjects: 6.690500 ms  DeleteObjects: 0.060800 ms)

AssetImportParameters requested are different than current active one (requested -> active):
  custom:video-decoder-ogg-theora: a1e56fd34408186e4bbccfd4996cb3dc -> 
  custom:container-muxer-webm: aa71ff27fc2769a1b78a27578f13a17b -> 
  custom:container-demuxer-webm: 4f35f7cbe854078d1ac9338744f61a02 -> 
  custom:video-encoder-webm-vp8: eb34c28f22e8b96e1ab97ce403110664 -> 
  custom:audio-encoder-webm-vorbis: bf7c407c2cedff20999df2af8eb42d56 -> 
  custom:framework-win-MediaFoundation: 216162199b28c13a410421893ffa2e32 -> 
  custom:container-demuxer-ogg: 62fdf1f143b41e24485cea50d1cbac27 -> 
  custom:video-decoder-webm-vp8: 9c59270c3fd7afecdb556c50c9e8de78 -> 
  custom:audio-decoder-ogg-vorbis: bf7c407c2cedff20999df2af8eb42d56 -> 
========================================================================
Received Prepare
Registering precompiled user dll's ...
Registered in 0.012222 seconds.
Begin MonoManager ReloadAssembly
Symbol file LoadedFromMemory doesn't match image C:\FlappyBirdGitHub\FlappyBird\flappy\Library\PackageCache\com.unity.visualscripting@1.8.0\Editor\VisualScripting.Core\Dependencies\YamlDotNet\Unity.VisualScripting.YamlDotNet.dll
Symbol file LoadedFromMemory doesn't match image C:\FlappyBirdGitHub\FlappyBird\flappy\Library\PackageCache\com.unity.visualscripting@1.8.0\Editor\VisualScripting.Core\Dependencies\DotNetZip\Unity.VisualScripting.IonicZip.dll
Native extension for WindowsStandalone target not found
Refreshing native plugins compatible for Editor in 1.21 ms, found 3 plugins.
Preloading 0 native plugins for Editor in 0.00 ms.
Mono: successfully reloaded assembly
- Completed reload, in  2.632 seconds
Domain Reload Profiling:
	ReloadAssembly (2633ms)
		BeginReloadAssembly (385ms)
			ExecutionOrderSort (0ms)
			DisableScriptedObjects (19ms)
			BackupInstance (0ms)
			ReleaseScriptingObjects (0ms)
			CreateAndSetChildDomain (77ms)
		EndReloadAssembly (2014ms)
			LoadAssemblies (294ms)
			RebuildTransferFunctionScriptingTraits (0ms)
			SetupTypeCache (510ms)
			ReleaseScriptCaches (3ms)
			RebuildScriptCaches (95ms)
			SetupLoadedEditorAssemblies (1126ms)
				LogAssemblyErrors (0ms)
				InitializePlatformSupportModulesInManaged (15ms)
				SetLoadedEditorAssemblies (1ms)
				RefreshPlugins (1ms)
				BeforeProcessingInitializeOnLoad (131ms)
				ProcessInitializeOnLoadAttributes (917ms)
				ProcessInitializeOnLoadMethodAttributes (42ms)
				AfterProcessingInitializeOnLoad (18ms)
				EditorAssembliesLoaded (0ms)
			ExecutionOrderSort2 (0ms)
			AwakeInstancesAfterBackupRestoration (22ms)
Platform modules already initialized, skipping
Refreshing native plugins compatible for Editor in 4.31 ms, found 3 plugins.
Preloading 0 native plugins for Editor in 0.00 ms.
Unloading 2999 Unused Serialized files (Serialized files now loaded: 0)
Unloading 15 unused Assets / (24.6 KB). Loaded Objects now: 3537.
Memory consumption went from 110.6 MB to 110.6 MB.
Total: 7.476900 ms (FindLiveObjects: 0.923500 ms CreateObjectMapping: 0.484700 ms MarkObjects: 5.998800 ms  DeleteObjects: 0.067100 ms)

AssetImportParameters requested are different than current active one (requested -> active):
  custom:video-decoder-ogg-theora: a1e56fd34408186e4bbccfd4996cb3dc -> 
  custom:container-muxer-webm: aa71ff27fc2769a1b78a27578f13a17b -> 
  custom:container-demuxer-webm: 4f35f7cbe854078d1ac9338744f61a02 -> 
  custom:video-encoder-webm-vp8: eb34c28f22e8b96e1ab97ce403110664 -> 
  custom:audio-encoder-webm-vorbis: bf7c407c2cedff20999df2af8eb42d56 -> 
  custom:framework-win-MediaFoundation: 216162199b28c13a410421893ffa2e32 -> 
  custom:container-demuxer-ogg: 62fdf1f143b41e24485cea50d1cbac27 -> 
  custom:video-decoder-webm-vp8: 9c59270c3fd7afecdb556c50c9e8de78 -> 
  custom:audio-decoder-ogg-vorbis: bf7c407c2cedff20999df2af8eb42d56 -> 
========================================================================
Received Prepare
Registering precompiled user dll's ...
Registered in 0.013116 seconds.
Begin MonoManager ReloadAssembly
Symbol file LoadedFromMemory doesn't match image C:\FlappyBirdGitHub\FlappyBird\flappy\Library\PackageCache\com.unity.visualscripting@1.8.0\Editor\VisualScripting.Core\Dependencies\YamlDotNet\Unity.VisualScripting.YamlDotNet.dll
Symbol file LoadedFromMemory doesn't match image C:\FlappyBirdGitHub\FlappyBird\flappy\Library\PackageCache\com.unity.visualscripting@1.8.0\Editor\VisualScripting.Core\Dependencies\DotNetZip\Unity.VisualScripting.IonicZip.dll
Native extension for WindowsStandalone target not found
Refreshing native plugins compatible for Editor in 1.75 ms, found 3 plugins.
Preloading 0 native plugins for Editor in 0.00 ms.
Mono: successfully reloaded assembly
- Completed reload, in  3.513 seconds
Domain Reload Profiling:
	ReloadAssembly (3515ms)
		BeginReloadAssembly (332ms)
			ExecutionOrderSort (0ms)
			DisableScriptedObjects (12ms)
			BackupInstance (0ms)
			ReleaseScriptingObjects (0ms)
			CreateAndSetChildDomain (83ms)
		EndReloadAssembly (2822ms)
			LoadAssemblies (291ms)
			RebuildTransferFunctionScriptingTraits (0ms)
			SetupTypeCache (983ms)
			ReleaseScriptCaches (3ms)
			RebuildScriptCaches (178ms)
			SetupLoadedEditorAssemblies (1260ms)
				LogAssemblyErrors (0ms)
				InitializePlatformSupportModulesInManaged (19ms)
				SetLoadedEditorAssemblies (2ms)
				RefreshPlugins (2ms)
				BeforeProcessingInitializeOnLoad (131ms)
				ProcessInitializeOnLoadAttributes (1050ms)
				ProcessInitializeOnLoadMethodAttributes (39ms)
				AfterProcessingInitializeOnLoad (17ms)
				EditorAssembliesLoaded (0ms)
			ExecutionOrderSort2 (0ms)
			AwakeInstancesAfterBackupRestoration (21ms)
Platform modules already initialized, skipping
Refreshing native plugins compatible for Editor in 4.21 ms, found 3 plugins.
Preloading 0 native plugins for Editor in 0.00 ms.
Unloading 2999 Unused Serialized files (Serialized files now loaded: 0)
Unloading 15 unused Assets / (24.6 KB). Loaded Objects now: 3540.
Memory consumption went from 110.6 MB to 110.6 MB.
Total: 6.679600 ms (FindLiveObjects: 0.788500 ms CreateObjectMapping: 0.176900 ms MarkObjects: 5.652900 ms  DeleteObjects: 0.058500 ms)

AssetImportParameters requested are different than current active one (requested -> active):
  custom:video-decoder-ogg-theora: a1e56fd34408186e4bbccfd4996cb3dc -> 
  custom:container-muxer-webm: aa71ff27fc2769a1b78a27578f13a17b -> 
  custom:container-demuxer-webm: 4f35f7cbe854078d1ac9338744f61a02 -> 
  custom:video-encoder-webm-vp8: eb34c28f22e8b96e1ab97ce403110664 -> 
  custom:audio-encoder-webm-vorbis: bf7c407c2cedff20999df2af8eb42d56 -> 
  custom:framework-win-MediaFoundation: 216162199b28c13a410421893ffa2e32 -> 
  custom:container-demuxer-ogg: 62fdf1f143b41e24485cea50d1cbac27 -> 
  custom:video-decoder-webm-vp8: 9c59270c3fd7afecdb556c50c9e8de78 -> 
  custom:audio-decoder-ogg-vorbis: bf7c407c2cedff20999df2af8eb42d56 -> 
========================================================================
Received Prepare
Registering precompiled user dll's ...
Registered in 0.014154 seconds.
Begin MonoManager ReloadAssembly
Symbol file LoadedFromMemory doesn't match image C:\FlappyBirdGitHub\FlappyBird\flappy\Library\PackageCache\com.unity.visualscripting@1.8.0\Editor\VisualScripting.Core\Dependencies\YamlDotNet\Unity.VisualScripting.YamlDotNet.dll
Symbol file LoadedFromMemory doesn't match image C:\FlappyBirdGitHub\FlappyBird\flappy\Library\PackageCache\com.unity.visualscripting@1.8.0\Editor\VisualScripting.Core\Dependencies\DotNetZip\Unity.VisualScripting.IonicZip.dll
Native extension for WindowsStandalone target not found
Refreshing native plugins compatible for Editor in 2.44 ms, found 3 plugins.
Preloading 0 native plugins for Editor in 0.00 ms.
Mono: successfully reloaded assembly
- Completed reload, in  4.532 seconds
Domain Reload Profiling:
	ReloadAssembly (4535ms)
		BeginReloadAssembly (658ms)
			ExecutionOrderSort (0ms)
			DisableScriptedObjects (13ms)
			BackupInstance (0ms)
			ReleaseScriptingObjects (0ms)
			CreateAndSetChildDomain (86ms)
		EndReloadAssembly (3417ms)
			LoadAssemblies (722ms)
			RebuildTransferFunctionScriptingTraits (0ms)
			SetupTypeCache (942ms)
			ReleaseScriptCaches (4ms)
			RebuildScriptCaches (162ms)
			SetupLoadedEditorAssemblies (1681ms)
				LogAssemblyErrors (0ms)
				InitializePlatformSupportModulesInManaged (24ms)
				SetLoadedEditorAssemblies (2ms)
				RefreshPlugins (3ms)
				BeforeProcessingInitializeOnLoad (243ms)
				ProcessInitializeOnLoadAttributes (1294ms)
				ProcessInitializeOnLoadMethodAttributes (80ms)
				AfterProcessingInitializeOnLoad (36ms)
				EditorAssembliesLoaded (1ms)
			ExecutionOrderSort2 (0ms)
			AwakeInstancesAfterBackupRestoration (36ms)
Platform modules already initialized, skipping
Refreshing native plugins compatible for Editor in 4.40 ms, found 3 plugins.
Preloading 0 native plugins for Editor in 0.00 ms.
Unloading 2999 Unused Serialized files (Serialized files now loaded: 0)
Unloading 15 unused Assets / (24.6 KB). Loaded Objects now: 3543.
Memory consumption went from 110.6 MB to 110.6 MB.
Total: 6.043000 ms (FindLiveObjects: 0.779400 ms CreateObjectMapping: 0.170100 ms MarkObjects: 5.032300 ms  DeleteObjects: 0.059000 ms)

AssetImportParameters requested are different than current active one (requested -> active):
  custom:video-decoder-ogg-theora: a1e56fd34408186e4bbccfd4996cb3dc -> 
  custom:container-muxer-webm: aa71ff27fc2769a1b78a27578f13a17b -> 
  custom:container-demuxer-webm: 4f35f7cbe854078d1ac9338744f61a02 -> 
  custom:video-encoder-webm-vp8: eb34c28f22e8b96e1ab97ce403110664 -> 
  custom:audio-encoder-webm-vorbis: bf7c407c2cedff20999df2af8eb42d56 -> 
  custom:framework-win-MediaFoundation: 216162199b28c13a410421893ffa2e32 -> 
  custom:container-demuxer-ogg: 62fdf1f143b41e24485cea50d1cbac27 -> 
  custom:video-decoder-webm-vp8: 9c59270c3fd7afecdb556c50c9e8de78 -> 
  custom:audio-decoder-ogg-vorbis: bf7c407c2cedff20999df2af8eb42d56 -> 
========================================================================
Received Prepare
Registering precompiled user dll's ...
Registered in 0.017298 seconds.
Begin MonoManager ReloadAssembly
Symbol file LoadedFromMemory doesn't match image C:\FlappyBirdGitHub\FlappyBird\flappy\Library\PackageCache\com.unity.visualscripting@1.8.0\Editor\VisualScripting.Core\Dependencies\YamlDotNet\Unity.VisualScripting.YamlDotNet.dll
Symbol file LoadedFromMemory doesn't match image C:\FlappyBirdGitHub\FlappyBird\flappy\Library\PackageCache\com.unity.visualscripting@1.8.0\Editor\VisualScripting.Core\Dependencies\DotNetZip\Unity.VisualScripting.IonicZip.dll
Native extension for WindowsStandalone target not found
Refreshing native plugins compatible for Editor in 1.70 ms, found 3 plugins.
Preloading 0 native plugins for Editor in 0.00 ms.
Mono: successfully reloaded assembly
- Completed reload, in  2.422 seconds
Domain Reload Profiling:
	ReloadAssembly (2424ms)
		BeginReloadAssembly (307ms)
			ExecutionOrderSort (0ms)
			DisableScriptedObjects (12ms)
			BackupInstance (0ms)
			ReleaseScriptingObjects (0ms)
			CreateAndSetChildDomain (74ms)
		EndReloadAssembly (1861ms)
			LoadAssemblies (223ms)
			RebuildTransferFunctionScriptingTraits (0ms)
			SetupTypeCache (584ms)
			ReleaseScriptCaches (2ms)
			RebuildScriptCaches (89ms)
			SetupLoadedEditorAssemblies (913ms)
				LogAssemblyErrors (0ms)
				InitializePlatformSupportModulesInManaged (18ms)
				SetLoadedEditorAssemblies (2ms)
				RefreshPlugins (2ms)
				BeforeProcessingInitializeOnLoad (158ms)
				ProcessInitializeOnLoadAttributes (674ms)
				ProcessInitializeOnLoadMethodAttributes (39ms)
				AfterProcessingInitializeOnLoad (20ms)
				EditorAssembliesLoaded (0ms)
			ExecutionOrderSort2 (0ms)
			AwakeInstancesAfterBackupRestoration (27ms)
Platform modules already initialized, skipping
Refreshing native plugins compatible for Editor in 4.43 ms, found 3 plugins.
Preloading 0 native plugins for Editor in 0.00 ms.
Unloading 2999 Unused Serialized files (Serialized files now loaded: 0)
Unloading 15 unused Assets / (24.8 KB). Loaded Objects now: 3546.
Memory consumption went from 110.6 MB to 110.6 MB.
Total: 6.072500 ms (FindLiveObjects: 0.818200 ms CreateObjectMapping: 0.192700 ms MarkObjects: 4.982800 ms  DeleteObjects: 0.076100 ms)

AssetImportParameters requested are different than current active one (requested -> active):
  custom:video-decoder-ogg-theora: a1e56fd34408186e4bbccfd4996cb3dc -> 
  custom:container-muxer-webm: aa71ff27fc2769a1b78a27578f13a17b -> 
  custom:container-demuxer-webm: 4f35f7cbe854078d1ac9338744f61a02 -> 
  custom:video-encoder-webm-vp8: eb34c28f22e8b96e1ab97ce403110664 -> 
  custom:audio-encoder-webm-vorbis: bf7c407c2cedff20999df2af8eb42d56 -> 
  custom:framework-win-MediaFoundation: 216162199b28c13a410421893ffa2e32 -> 
  custom:container-demuxer-ogg: 62fdf1f143b41e24485cea50d1cbac27 -> 
  custom:video-decoder-webm-vp8: 9c59270c3fd7afecdb556c50c9e8de78 -> 
  custom:audio-decoder-ogg-vorbis: bf7c407c2cedff20999df2af8eb42d56 -> 
========================================================================
Received Prepare
Registering precompiled user dll's ...
Registered in 0.012872 seconds.
Begin MonoManager ReloadAssembly
Symbol file LoadedFromMemory doesn't match image C:\FlappyBirdGitHub\FlappyBird\flappy\Library\PackageCache\com.unity.visualscripting@1.8.0\Editor\VisualScripting.Core\Dependencies\YamlDotNet\Unity.VisualScripting.YamlDotNet.dll
Symbol file LoadedFromMemory doesn't match image C:\FlappyBirdGitHub\FlappyBird\flappy\Library\PackageCache\com.unity.visualscripting@1.8.0\Editor\VisualScripting.Core\Dependencies\DotNetZip\Unity.VisualScripting.IonicZip.dll
Native extension for WindowsStandalone target not found
Refreshing native plugins compatible for Editor in 3.03 ms, found 3 plugins.
Preloading 0 native plugins for Editor in 0.00 ms.
Mono: successfully reloaded assembly
- Completed reload, in  3.930 seconds
Domain Reload Profiling:
	ReloadAssembly (3933ms)
		BeginReloadAssembly (359ms)
			ExecutionOrderSort (0ms)
			DisableScriptedObjects (11ms)
			BackupInstance (0ms)
			ReleaseScriptingObjects (0ms)
			CreateAndSetChildDomain (63ms)
		EndReloadAssembly (3331ms)
			LoadAssemblies (299ms)
			RebuildTransferFunctionScriptingTraits (0ms)
			SetupTypeCache (1093ms)
			ReleaseScriptCaches (6ms)
			RebuildScriptCaches (154ms)
			SetupLoadedEditorAssemblies (1593ms)
				LogAssemblyErrors (0ms)
				InitializePlatformSupportModulesInManaged (27ms)
				SetLoadedEditorAssemblies (2ms)
				RefreshPlugins (4ms)
				BeforeProcessingInitializeOnLoad (260ms)
				ProcessInitializeOnLoadAttributes (1202ms)
				ProcessInitializeOnLoadMethodAttributes (67ms)
				AfterProcessingInitializeOnLoad (30ms)
				EditorAssembliesLoaded (0ms)
			ExecutionOrderSort2 (0ms)
			AwakeInstancesAfterBackupRestoration (35ms)
Platform modules already initialized, skipping
Refreshing native plugins compatible for Editor in 7.91 ms, found 3 plugins.
Preloading 0 native plugins for Editor in 0.00 ms.
Unloading 2999 Unused Serialized files (Serialized files now loaded: 0)
Unloading 15 unused Assets / (24.6 KB). Loaded Objects now: 3549.
Memory consumption went from 110.6 MB to 110.6 MB.
Total: 11.305300 ms (FindLiveObjects: 1.034100 ms CreateObjectMapping: 0.592400 ms MarkObjects: 9.581600 ms  DeleteObjects: 0.095200 ms)

AssetImportParameters requested are different than current active one (requested -> active):
  custom:video-decoder-ogg-theora: a1e56fd34408186e4bbccfd4996cb3dc -> 
  custom:container-muxer-webm: aa71ff27fc2769a1b78a27578f13a17b -> 
  custom:container-demuxer-webm: 4f35f7cbe854078d1ac9338744f61a02 -> 
  custom:video-encoder-webm-vp8: eb34c28f22e8b96e1ab97ce403110664 -> 
  custom:audio-encoder-webm-vorbis: bf7c407c2cedff20999df2af8eb42d56 -> 
  custom:framework-win-MediaFoundation: 216162199b28c13a410421893ffa2e32 -> 
  custom:container-demuxer-ogg: 62fdf1f143b41e24485cea50d1cbac27 -> 
  custom:video-decoder-webm-vp8: 9c59270c3fd7afecdb556c50c9e8de78 -> 
  custom:audio-decoder-ogg-vorbis: bf7c407c2cedff20999df2af8eb42d56 -> 
========================================================================
Received Prepare
Registering precompiled user dll's ...
Registered in 0.012842 seconds.
Begin MonoManager ReloadAssembly
Symbol file LoadedFromMemory doesn't match image C:\FlappyBirdGitHub\FlappyBird\flappy\Library\PackageCache\com.unity.visualscripting@1.8.0\Editor\VisualScripting.Core\Dependencies\YamlDotNet\Unity.VisualScripting.YamlDotNet.dll
Symbol file LoadedFromMemory doesn't match image C:\FlappyBirdGitHub\FlappyBird\flappy\Library\PackageCache\com.unity.visualscripting@1.8.0\Editor\VisualScripting.Core\Dependencies\DotNetZip\Unity.VisualScripting.IonicZip.dll
Native extension for WindowsStandalone target not found
Refreshing native plugins compatible for Editor in 1.67 ms, found 3 plugins.
Preloading 0 native plugins for Editor in 0.00 ms.
Mono: successfully reloaded assembly
- Completed reload, in  2.610 seconds
Domain Reload Profiling:
	ReloadAssembly (2612ms)
		BeginReloadAssembly (317ms)
			ExecutionOrderSort (0ms)
			DisableScriptedObjects (10ms)
			BackupInstance (0ms)
			ReleaseScriptingObjects (0ms)
			CreateAndSetChildDomain (66ms)
		EndReloadAssembly (2007ms)
			LoadAssemblies (240ms)
			RebuildTransferFunctionScriptingTraits (0ms)
			SetupTypeCache (670ms)
			ReleaseScriptCaches (3ms)
			RebuildScriptCaches (96ms)
			SetupLoadedEditorAssemblies (954ms)
				LogAssemblyErrors (0ms)
				InitializePlatformSupportModulesInManaged (48ms)
				SetLoadedEditorAssemblies (1ms)
				RefreshPlugins (2ms)
				BeforeProcessingInitializeOnLoad (133ms)
				ProcessInitializeOnLoadAttributes (706ms)
				ProcessInitializeOnLoadMethodAttributes (45ms)
				AfterProcessingInitializeOnLoad (18ms)
				EditorAssembliesLoaded (0ms)
			ExecutionOrderSort2 (0ms)
			AwakeInstancesAfterBackupRestoration (21ms)
Platform modules already initialized, skipping
Refreshing native plugins compatible for Editor in 4.27 ms, found 3 plugins.
Preloading 0 native plugins for Editor in 0.00 ms.
Unloading 2999 Unused Serialized files (Serialized files now loaded: 0)
Unloading 15 unused Assets / (24.7 KB). Loaded Objects now: 3552.
Memory consumption went from 110.6 MB to 110.6 MB.
Total: 6.599900 ms (FindLiveObjects: 0.790400 ms CreateObjectMapping: 0.168400 ms MarkObjects: 5.575400 ms  DeleteObjects: 0.062900 ms)

AssetImportParameters requested are different than current active one (requested -> active):
  custom:video-decoder-ogg-theora: a1e56fd34408186e4bbccfd4996cb3dc -> 
  custom:container-muxer-webm: aa71ff27fc2769a1b78a27578f13a17b -> 
  custom:container-demuxer-webm: 4f35f7cbe854078d1ac9338744f61a02 -> 
  custom:video-encoder-webm-vp8: eb34c28f22e8b96e1ab97ce403110664 -> 
  custom:audio-encoder-webm-vorbis: bf7c407c2cedff20999df2af8eb42d56 -> 
  custom:framework-win-MediaFoundation: 216162199b28c13a410421893ffa2e32 -> 
  custom:container-demuxer-ogg: 62fdf1f143b41e24485cea50d1cbac27 -> 
  custom:video-decoder-webm-vp8: 9c59270c3fd7afecdb556c50c9e8de78 -> 
  custom:audio-decoder-ogg-vorbis: bf7c407c2cedff20999df2af8eb42d56 -> 
========================================================================
Received Prepare
Registering precompiled user dll's ...
Registered in 0.011478 seconds.
Begin MonoManager ReloadAssembly
Symbol file LoadedFromMemory doesn't match image C:\FlappyBirdGitHub\FlappyBird\flappy\Library\PackageCache\com.unity.visualscripting@1.8.0\Editor\VisualScripting.Core\Dependencies\YamlDotNet\Unity.VisualScripting.YamlDotNet.dll
Symbol file LoadedFromMemory doesn't match image C:\FlappyBirdGitHub\FlappyBird\flappy\Library\PackageCache\com.unity.visualscripting@1.8.0\Editor\VisualScripting.Core\Dependencies\DotNetZip\Unity.VisualScripting.IonicZip.dll
Native extension for WindowsStandalone target not found
Refreshing native plugins compatible for Editor in 1.84 ms, found 3 plugins.
Preloading 0 native plugins for Editor in 0.00 ms.
Mono: successfully reloaded assembly
- Completed reload, in  2.414 seconds
Domain Reload Profiling:
	ReloadAssembly (2416ms)
		BeginReloadAssembly (305ms)
			ExecutionOrderSort (0ms)
			DisableScriptedObjects (10ms)
			BackupInstance (0ms)
			ReleaseScriptingObjects (0ms)
			CreateAndSetChildDomain (61ms)
		EndReloadAssembly (1864ms)
			LoadAssemblies (235ms)
			RebuildTransferFunctionScriptingTraits (0ms)
			SetupTypeCache (503ms)
			ReleaseScriptCaches (3ms)
			RebuildScriptCaches (99ms)
			SetupLoadedEditorAssemblies (968ms)
				LogAssemblyErrors (0ms)
				InitializePlatformSupportModulesInManaged (19ms)
				SetLoadedEditorAssemblies (1ms)
				RefreshPlugins (2ms)
				BeforeProcessingInitializeOnLoad (136ms)
				ProcessInitializeOnLoadAttributes (753ms)
				ProcessInitializeOnLoadMethodAttributes (38ms)
				AfterProcessingInitializeOnLoad (18ms)
				EditorAssembliesLoaded (0ms)
			ExecutionOrderSort2 (0ms)
			AwakeInstancesAfterBackupRestoration (20ms)
Platform modules already initialized, skipping
Refreshing native plugins compatible for Editor in 5.05 ms, found 3 plugins.
Preloading 0 native plugins for Editor in 0.00 ms.
Unloading 2999 Unused Serialized files (Serialized files now loaded: 0)
Unloading 15 unused Assets / (24.7 KB). Loaded Objects now: 3555.
Memory consumption went from 110.6 MB to 110.6 MB.
Total: 6.372800 ms (FindLiveObjects: 0.797900 ms CreateObjectMapping: 0.257700 ms MarkObjects: 5.253800 ms  DeleteObjects: 0.061200 ms)

AssetImportParameters requested are different than current active one (requested -> active):
  custom:video-decoder-ogg-theora: a1e56fd34408186e4bbccfd4996cb3dc -> 
  custom:container-muxer-webm: aa71ff27fc2769a1b78a27578f13a17b -> 
  custom:container-demuxer-webm: 4f35f7cbe854078d1ac9338744f61a02 -> 
  custom:video-encoder-webm-vp8: eb34c28f22e8b96e1ab97ce403110664 -> 
  custom:audio-encoder-webm-vorbis: bf7c407c2cedff20999df2af8eb42d56 -> 
  custom:framework-win-MediaFoundation: 216162199b28c13a410421893ffa2e32 -> 
  custom:container-demuxer-ogg: 62fdf1f143b41e24485cea50d1cbac27 -> 
  custom:video-decoder-webm-vp8: 9c59270c3fd7afecdb556c50c9e8de78 -> 
  custom:audio-decoder-ogg-vorbis: bf7c407c2cedff20999df2af8eb42d56 -> 
========================================================================
Received Prepare
Registering precompiled user dll's ...
Registered in 0.013496 seconds.
Begin MonoManager ReloadAssembly
Symbol file LoadedFromMemory doesn't match image C:\FlappyBirdGitHub\FlappyBird\flappy\Library\PackageCache\com.unity.visualscripting@1.8.0\Editor\VisualScripting.Core\Dependencies\YamlDotNet\Unity.VisualScripting.YamlDotNet.dll
Symbol file LoadedFromMemory doesn't match image C:\FlappyBirdGitHub\FlappyBird\flappy\Library\PackageCache\com.unity.visualscripting@1.8.0\Editor\VisualScripting.Core\Dependencies\DotNetZip\Unity.VisualScripting.IonicZip.dll
Native extension for WindowsStandalone target not found
Refreshing native plugins compatible for Editor in 1.48 ms, found 3 plugins.
Preloading 0 native plugins for Editor in 0.00 ms.
Mono: successfully reloaded assembly
- Completed reload, in  2.523 seconds
Domain Reload Profiling:
	ReloadAssembly (2525ms)
		BeginReloadAssembly (336ms)
			ExecutionOrderSort (0ms)
			DisableScriptedObjects (11ms)
			BackupInstance (0ms)
			ReleaseScriptingObjects (0ms)
			CreateAndSetChildDomain (66ms)
		EndReloadAssembly (1874ms)
			LoadAssemblies (281ms)
			RebuildTransferFunctionScriptingTraits (0ms)
			SetupTypeCache (564ms)
			ReleaseScriptCaches (3ms)
			RebuildScriptCaches (115ms)
			SetupLoadedEditorAssemblies (892ms)
				LogAssemblyErrors (0ms)
				InitializePlatformSupportModulesInManaged (11ms)
				SetLoadedEditorAssemblies (1ms)
				RefreshPlugins (2ms)
				BeforeProcessingInitializeOnLoad (122ms)
				ProcessInitializeOnLoadAttributes (697ms)
				ProcessInitializeOnLoadMethodAttributes (38ms)
				AfterProcessingInitializeOnLoad (21ms)
				EditorAssembliesLoaded (0ms)
			ExecutionOrderSort2 (0ms)
			AwakeInstancesAfterBackupRestoration (23ms)
Platform modules already initialized, skipping
Refreshing native plugins compatible for Editor in 4.17 ms, found 3 plugins.
Preloading 0 native plugins for Editor in 0.00 ms.
Unloading 2999 Unused Serialized files (Serialized files now loaded: 0)
Unloading 15 unused Assets / (24.6 KB). Loaded Objects now: 3558.
Memory consumption went from 110.6 MB to 110.6 MB.
Total: 6.197300 ms (FindLiveObjects: 0.781000 ms CreateObjectMapping: 0.182800 ms MarkObjects: 5.173000 ms  DeleteObjects: 0.057800 ms)

AssetImportParameters requested are different than current active one (requested -> active):
  custom:video-decoder-ogg-theora: a1e56fd34408186e4bbccfd4996cb3dc -> 
  custom:container-muxer-webm: aa71ff27fc2769a1b78a27578f13a17b -> 
  custom:container-demuxer-webm: 4f35f7cbe854078d1ac9338744f61a02 -> 
  custom:video-encoder-webm-vp8: eb34c28f22e8b96e1ab97ce403110664 -> 
  custom:audio-encoder-webm-vorbis: bf7c407c2cedff20999df2af8eb42d56 -> 
  custom:framework-win-MediaFoundation: 216162199b28c13a410421893ffa2e32 -> 
  custom:container-demuxer-ogg: 62fdf1f143b41e24485cea50d1cbac27 -> 
  custom:video-decoder-webm-vp8: 9c59270c3fd7afecdb556c50c9e8de78 -> 
  custom:audio-decoder-ogg-vorbis: bf7c407c2cedff20999df2af8eb42d56 -> 
========================================================================
Received Prepare
Registering precompiled user dll's ...
Registered in 0.012862 seconds.
Begin MonoManager ReloadAssembly
Symbol file LoadedFromMemory doesn't match image C:\FlappyBirdGitHub\FlappyBird\flappy\Library\PackageCache\com.unity.visualscripting@1.8.0\Editor\VisualScripting.Core\Dependencies\YamlDotNet\Unity.VisualScripting.YamlDotNet.dll
Symbol file LoadedFromMemory doesn't match image C:\FlappyBirdGitHub\FlappyBird\flappy\Library\PackageCache\com.unity.visualscripting@1.8.0\Editor\VisualScripting.Core\Dependencies\DotNetZip\Unity.VisualScripting.IonicZip.dll
Native extension for WindowsStandalone target not found
Refreshing native plugins compatible for Editor in 1.83 ms, found 3 plugins.
Preloading 0 native plugins for Editor in 0.00 ms.
Mono: successfully reloaded assembly
- Completed reload, in  2.571 seconds
Domain Reload Profiling:
	ReloadAssembly (2573ms)
		BeginReloadAssembly (295ms)
			ExecutionOrderSort (0ms)
			DisableScriptedObjects (12ms)
			BackupInstance (0ms)
			ReleaseScriptingObjects (0ms)
			CreateAndSetChildDomain (59ms)
		EndReloadAssembly (2030ms)
			LoadAssemblies (232ms)
			RebuildTransferFunctionScriptingTraits (0ms)
			SetupTypeCache (591ms)
			ReleaseScriptCaches (3ms)
			RebuildScriptCaches (150ms)
			SetupLoadedEditorAssemblies (957ms)
				LogAssemblyErrors (0ms)
				InitializePlatformSupportModulesInManaged (21ms)
				SetLoadedEditorAssemblies (2ms)
				RefreshPlugins (2ms)
				BeforeProcessingInitializeOnLoad (171ms)
				ProcessInitializeOnLoadAttributes (704ms)
				ProcessInitializeOnLoadMethodAttributes (39ms)
				AfterProcessingInitializeOnLoad (17ms)
				EditorAssembliesLoaded (0ms)
			ExecutionOrderSort2 (0ms)
			AwakeInstancesAfterBackupRestoration (20ms)
Platform modules already initialized, skipping
Refreshing native plugins compatible for Editor in 6.00 ms, found 3 plugins.
Preloading 0 native plugins for Editor in 0.00 ms.
Unloading 2999 Unused Serialized files (Serialized files now loaded: 0)
Unloading 15 unused Assets / (24.7 KB). Loaded Objects now: 3561.
Memory consumption went from 110.6 MB to 110.6 MB.
Total: 9.183000 ms (FindLiveObjects: 1.176100 ms CreateObjectMapping: 0.686900 ms MarkObjects: 7.249900 ms  DeleteObjects: 0.067900 ms)

AssetImportParameters requested are different than current active one (requested -> active):
  custom:video-decoder-ogg-theora: a1e56fd34408186e4bbccfd4996cb3dc -> 
  custom:container-muxer-webm: aa71ff27fc2769a1b78a27578f13a17b -> 
  custom:container-demuxer-webm: 4f35f7cbe854078d1ac9338744f61a02 -> 
  custom:video-encoder-webm-vp8: eb34c28f22e8b96e1ab97ce403110664 -> 
  custom:audio-encoder-webm-vorbis: bf7c407c2cedff20999df2af8eb42d56 -> 
  custom:framework-win-MediaFoundation: 216162199b28c13a410421893ffa2e32 -> 
  custom:container-demuxer-ogg: 62fdf1f143b41e24485cea50d1cbac27 -> 
  custom:video-decoder-webm-vp8: 9c59270c3fd7afecdb556c50c9e8de78 -> 
  custom:audio-decoder-ogg-vorbis: bf7c407c2cedff20999df2af8eb42d56 -> 
========================================================================
Received Prepare
Registering precompiled user dll's ...
Registered in 0.011650 seconds.
Begin MonoManager ReloadAssembly
Symbol file LoadedFromMemory doesn't match image C:\FlappyBirdGitHub\FlappyBird\flappy\Library\PackageCache\com.unity.visualscripting@1.8.0\Editor\VisualScripting.Core\Dependencies\YamlDotNet\Unity.VisualScripting.YamlDotNet.dll
Symbol file LoadedFromMemory doesn't match image C:\FlappyBirdGitHub\FlappyBird\flappy\Library\PackageCache\com.unity.visualscripting@1.8.0\Editor\VisualScripting.Core\Dependencies\DotNetZip\Unity.VisualScripting.IonicZip.dll
Native extension for WindowsStandalone target not found
Refreshing native plugins compatible for Editor in 1.77 ms, found 3 plugins.
Preloading 0 native plugins for Editor in 0.00 ms.
Mono: successfully reloaded assembly
- Completed reload, in  2.727 seconds
Domain Reload Profiling:
	ReloadAssembly (2729ms)
		BeginReloadAssembly (297ms)
			ExecutionOrderSort (0ms)
			DisableScriptedObjects (12ms)
			BackupInstance (0ms)
			ReleaseScriptingObjects (0ms)
			CreateAndSetChildDomain (71ms)
		EndReloadAssembly (2184ms)
			LoadAssemblies (215ms)
			RebuildTransferFunctionScriptingTraits (0ms)
			SetupTypeCache (609ms)
			ReleaseScriptCaches (3ms)
			RebuildScriptCaches (104ms)
			SetupLoadedEditorAssemblies (1113ms)
				LogAssemblyErrors (0ms)
				InitializePlatformSupportModulesInManaged (15ms)
				SetLoadedEditorAssemblies (1ms)
				RefreshPlugins (2ms)
				BeforeProcessingInitializeOnLoad (126ms)
				ProcessInitializeOnLoadAttributes (910ms)
				ProcessInitializeOnLoadMethodAttributes (38ms)
				AfterProcessingInitializeOnLoad (20ms)
				EditorAssembliesLoaded (1ms)
			ExecutionOrderSort2 (0ms)
			AwakeInstancesAfterBackupRestoration (33ms)
Platform modules already initialized, skipping
Refreshing native plugins compatible for Editor in 4.35 ms, found 3 plugins.
Preloading 0 native plugins for Editor in 0.00 ms.
Unloading 2999 Unused Serialized files (Serialized files now loaded: 0)
Unloading 15 unused Assets / (24.6 KB). Loaded Objects now: 3564.
Memory consumption went from 110.6 MB to 110.6 MB.
Total: 7.817400 ms (FindLiveObjects: 1.221600 ms CreateObjectMapping: 0.415300 ms MarkObjects: 6.116700 ms  DeleteObjects: 0.061500 ms)

AssetImportParameters requested are different than current active one (requested -> active):
  custom:video-decoder-ogg-theora: a1e56fd34408186e4bbccfd4996cb3dc -> 
  custom:container-muxer-webm: aa71ff27fc2769a1b78a27578f13a17b -> 
  custom:container-demuxer-webm: 4f35f7cbe854078d1ac9338744f61a02 -> 
  custom:video-encoder-webm-vp8: eb34c28f22e8b96e1ab97ce403110664 -> 
  custom:audio-encoder-webm-vorbis: bf7c407c2cedff20999df2af8eb42d56 -> 
  custom:framework-win-MediaFoundation: 216162199b28c13a410421893ffa2e32 -> 
  custom:container-demuxer-ogg: 62fdf1f143b41e24485cea50d1cbac27 -> 
  custom:video-decoder-webm-vp8: 9c59270c3fd7afecdb556c50c9e8de78 -> 
  custom:audio-decoder-ogg-vorbis: bf7c407c2cedff20999df2af8eb42d56 -> 
========================================================================
Received Prepare
Registering precompiled user dll's ...
Registered in 0.013687 seconds.
Begin MonoManager ReloadAssembly
Symbol file LoadedFromMemory doesn't match image C:\FlappyBirdGitHub\FlappyBird\flappy\Library\PackageCache\com.unity.visualscripting@1.8.0\Editor\VisualScripting.Core\Dependencies\YamlDotNet\Unity.VisualScripting.YamlDotNet.dll
Symbol file LoadedFromMemory doesn't match image C:\FlappyBirdGitHub\FlappyBird\flappy\Library\PackageCache\com.unity.visualscripting@1.8.0\Editor\VisualScripting.Core\Dependencies\DotNetZip\Unity.VisualScripting.IonicZip.dll
Native extension for WindowsStandalone target not found
Refreshing native plugins compatible for Editor in 1.49 ms, found 3 plugins.
Preloading 0 native plugins for Editor in 0.00 ms.
Mono: successfully reloaded assembly
- Completed reload, in  2.368 seconds
Domain Reload Profiling:
	ReloadAssembly (2370ms)
		BeginReloadAssembly (293ms)
			ExecutionOrderSort (0ms)
			DisableScriptedObjects (11ms)
			BackupInstance (0ms)
			ReleaseScriptingObjects (0ms)
			CreateAndSetChildDomain (70ms)
		EndReloadAssembly (1848ms)
			LoadAssemblies (211ms)
			RebuildTransferFunctionScriptingTraits (0ms)
			SetupTypeCache (572ms)
			ReleaseScriptCaches (2ms)
			RebuildScriptCaches (90ms)
			SetupLoadedEditorAssemblies (933ms)
				LogAssemblyErrors (0ms)
				InitializePlatformSupportModulesInManaged (11ms)
				SetLoadedEditorAssemblies (1ms)
				RefreshPlugins (2ms)
				BeforeProcessingInitializeOnLoad (120ms)
				ProcessInitializeOnLoadAttributes (741ms)
				ProcessInitializeOnLoadMethodAttributes (40ms)
				AfterProcessingInitializeOnLoad (18ms)
				EditorAssembliesLoaded (0ms)
			ExecutionOrderSort2 (0ms)
			AwakeInstancesAfterBackupRestoration (21ms)
Platform modules already initialized, skipping
Refreshing native plugins compatible for Editor in 4.56 ms, found 3 plugins.
Preloading 0 native plugins for Editor in 0.00 ms.
Unloading 2999 Unused Serialized files (Serialized files now loaded: 0)
Unloading 15 unused Assets / (24.6 KB). Loaded Objects now: 3567.
Memory consumption went from 110.6 MB to 110.6 MB.
Total: 8.763400 ms (FindLiveObjects: 0.987900 ms CreateObjectMapping: 0.750500 ms MarkObjects: 6.881800 ms  DeleteObjects: 0.140600 ms)

AssetImportParameters requested are different than current active one (requested -> active):
  custom:video-decoder-ogg-theora: a1e56fd34408186e4bbccfd4996cb3dc -> 
  custom:container-muxer-webm: aa71ff27fc2769a1b78a27578f13a17b -> 
  custom:container-demuxer-webm: 4f35f7cbe854078d1ac9338744f61a02 -> 
  custom:video-encoder-webm-vp8: eb34c28f22e8b96e1ab97ce403110664 -> 
  custom:audio-encoder-webm-vorbis: bf7c407c2cedff20999df2af8eb42d56 -> 
  custom:framework-win-MediaFoundation: 216162199b28c13a410421893ffa2e32 -> 
  custom:container-demuxer-ogg: 62fdf1f143b41e24485cea50d1cbac27 -> 
  custom:video-decoder-webm-vp8: 9c59270c3fd7afecdb556c50c9e8de78 -> 
  custom:audio-decoder-ogg-vorbis: bf7c407c2cedff20999df2af8eb42d56 -> 
========================================================================
Received Prepare
Registering precompiled user dll's ...
Registered in 0.012136 seconds.
Begin MonoManager ReloadAssembly
Symbol file LoadedFromMemory doesn't match image C:\FlappyBirdGitHub\FlappyBird\flappy\Library\PackageCache\com.unity.visualscripting@1.8.0\Editor\VisualScripting.Core\Dependencies\YamlDotNet\Unity.VisualScripting.YamlDotNet.dll
Symbol file LoadedFromMemory doesn't match image C:\FlappyBirdGitHub\FlappyBird\flappy\Library\PackageCache\com.unity.visualscripting@1.8.0\Editor\VisualScripting.Core\Dependencies\DotNetZip\Unity.VisualScripting.IonicZip.dll
Native extension for WindowsStandalone target not found
Refreshing native plugins compatible for Editor in 2.25 ms, found 3 plugins.
Preloading 0 native plugins for Editor in 0.00 ms.
Mono: successfully reloaded assembly
- Completed reload, in  3.267 seconds
Domain Reload Profiling:
	ReloadAssembly (3269ms)
		BeginReloadAssembly (312ms)
			ExecutionOrderSort (0ms)
			DisableScriptedObjects (13ms)
			BackupInstance (0ms)
			ReleaseScriptingObjects (0ms)
			CreateAndSetChildDomain (70ms)
		EndReloadAssembly (2692ms)
			LoadAssemblies (244ms)
			RebuildTransferFunctionScriptingTraits (0ms)
			SetupTypeCache (768ms)
			ReleaseScriptCaches (4ms)
			RebuildScriptCaches (150ms)
			SetupLoadedEditorAssemblies (1374ms)
				LogAssemblyErrors (0ms)
				InitializePlatformSupportModulesInManaged (21ms)
				SetLoadedEditorAssemblies (2ms)
				RefreshPlugins (3ms)
				BeforeProcessingInitializeOnLoad (243ms)
				ProcessInitializeOnLoadAttributes (1018ms)
				ProcessInitializeOnLoadMethodAttributes (60ms)
				AfterProcessingInitializeOnLoad (27ms)
				EditorAssembliesLoaded (1ms)
			ExecutionOrderSort2 (0ms)
			AwakeInstancesAfterBackupRestoration (32ms)
Platform modules already initialized, skipping
Refreshing native plugins compatible for Editor in 11.66 ms, found 3 plugins.
Preloading 0 native plugins for Editor in 0.00 ms.
Unloading 2999 Unused Serialized files (Serialized files now loaded: 0)
Unloading 15 unused Assets / (24.6 KB). Loaded Objects now: 3570.
Memory consumption went from 110.6 MB to 110.6 MB.
Total: 16.874500 ms (FindLiveObjects: 1.697400 ms CreateObjectMapping: 0.541100 ms MarkObjects: 14.522800 ms  DeleteObjects: 0.109200 ms)

AssetImportParameters requested are different than current active one (requested -> active):
  custom:video-decoder-ogg-theora: a1e56fd34408186e4bbccfd4996cb3dc -> 
  custom:container-muxer-webm: aa71ff27fc2769a1b78a27578f13a17b -> 
  custom:container-demuxer-webm: 4f35f7cbe854078d1ac9338744f61a02 -> 
  custom:video-encoder-webm-vp8: eb34c28f22e8b96e1ab97ce403110664 -> 
  custom:audio-encoder-webm-vorbis: bf7c407c2cedff20999df2af8eb42d56 -> 
  custom:framework-win-MediaFoundation: 216162199b28c13a410421893ffa2e32 -> 
  custom:container-demuxer-ogg: 62fdf1f143b41e24485cea50d1cbac27 -> 
  custom:video-decoder-webm-vp8: 9c59270c3fd7afecdb556c50c9e8de78 -> 
  custom:audio-decoder-ogg-vorbis: bf7c407c2cedff20999df2af8eb42d56 -> 
========================================================================
Received Prepare
Registering precompiled user dll's ...
Registered in 0.013340 seconds.
Begin MonoManager ReloadAssembly
Symbol file LoadedFromMemory doesn't match image C:\FlappyBirdGitHub\FlappyBird\flappy\Library\PackageCache\com.unity.visualscripting@1.8.0\Editor\VisualScripting.Core\Dependencies\YamlDotNet\Unity.VisualScripting.YamlDotNet.dll
Symbol file LoadedFromMemory doesn't match image C:\FlappyBirdGitHub\FlappyBird\flappy\Library\PackageCache\com.unity.visualscripting@1.8.0\Editor\VisualScripting.Core\Dependencies\DotNetZip\Unity.VisualScripting.IonicZip.dll
Native extension for WindowsStandalone target not found
Refreshing native plugins compatible for Editor in 3.12 ms, found 3 plugins.
Preloading 0 native plugins for Editor in 0.00 ms.
Mono: successfully reloaded assembly
- Completed reload, in  4.107 seconds
Domain Reload Profiling:
	ReloadAssembly (4109ms)
		BeginReloadAssembly (343ms)
			ExecutionOrderSort (0ms)
			DisableScriptedObjects (15ms)
			BackupInstance (0ms)
			ReleaseScriptingObjects (0ms)
			CreateAndSetChildDomain (82ms)
		EndReloadAssembly (3484ms)
			LoadAssemblies (272ms)
			RebuildTransferFunctionScriptingTraits (0ms)
			SetupTypeCache (1121ms)
			ReleaseScriptCaches (4ms)
			RebuildScriptCaches (154ms)
			SetupLoadedEditorAssemblies (1769ms)
				LogAssemblyErrors (0ms)
				InitializePlatformSupportModulesInManaged (18ms)
				SetLoadedEditorAssemblies (2ms)
				RefreshPlugins (3ms)
				BeforeProcessingInitializeOnLoad (214ms)
				ProcessInitializeOnLoadAttributes (1432ms)
				ProcessInitializeOnLoadMethodAttributes (68ms)
				AfterProcessingInitializeOnLoad (30ms)
				EditorAssembliesLoaded (0ms)
			ExecutionOrderSort2 (0ms)
			AwakeInstancesAfterBackupRestoration (33ms)
Platform modules already initialized, skipping
Refreshing native plugins compatible for Editor in 6.07 ms, found 3 plugins.
Preloading 0 native plugins for Editor in 0.00 ms.
Unloading 2999 Unused Serialized files (Serialized files now loaded: 0)
Unloading 15 unused Assets / (24.7 KB). Loaded Objects now: 3573.
Memory consumption went from 110.7 MB to 110.6 MB.
Total: 10.713400 ms (FindLiveObjects: 2.966800 ms CreateObjectMapping: 0.535300 ms MarkObjects: 7.137800 ms  DeleteObjects: 0.070900 ms)

AssetImportParameters requested are different than current active one (requested -> active):
  custom:video-decoder-ogg-theora: a1e56fd34408186e4bbccfd4996cb3dc -> 
  custom:container-muxer-webm: aa71ff27fc2769a1b78a27578f13a17b -> 
  custom:container-demuxer-webm: 4f35f7cbe854078d1ac9338744f61a02 -> 
  custom:video-encoder-webm-vp8: eb34c28f22e8b96e1ab97ce403110664 -> 
  custom:audio-encoder-webm-vorbis: bf7c407c2cedff20999df2af8eb42d56 -> 
  custom:framework-win-MediaFoundation: 216162199b28c13a410421893ffa2e32 -> 
  custom:container-demuxer-ogg: 62fdf1f143b41e24485cea50d1cbac27 -> 
  custom:video-decoder-webm-vp8: 9c59270c3fd7afecdb556c50c9e8de78 -> 
  custom:audio-decoder-ogg-vorbis: bf7c407c2cedff20999df2af8eb42d56 -> 
========================================================================
Received Prepare
Registering precompiled user dll's ...
Registered in 0.020769 seconds.
Begin MonoManager ReloadAssembly
Symbol file LoadedFromMemory doesn't match image C:\FlappyBirdGitHub\FlappyBird\flappy\Library\PackageCache\com.unity.visualscripting@1.8.0\Editor\VisualScripting.Core\Dependencies\YamlDotNet\Unity.VisualScripting.YamlDotNet.dll
Symbol file LoadedFromMemory doesn't match image C:\FlappyBirdGitHub\FlappyBird\flappy\Library\PackageCache\com.unity.visualscripting@1.8.0\Editor\VisualScripting.Core\Dependencies\DotNetZip\Unity.VisualScripting.IonicZip.dll
Native extension for WindowsStandalone target not found
Refreshing native plugins compatible for Editor in 1.39 ms, found 3 plugins.
Preloading 0 native plugins for Editor in 0.00 ms.
Mono: successfully reloaded assembly
- Completed reload, in  3.046 seconds
Domain Reload Profiling:
	ReloadAssembly (3048ms)
		BeginReloadAssembly (372ms)
			ExecutionOrderSort (0ms)
			DisableScriptedObjects (12ms)
			BackupInstance (0ms)
			ReleaseScriptingObjects (0ms)
			CreateAndSetChildDomain (67ms)
		EndReloadAssembly (2335ms)
			LoadAssemblies (303ms)
			RebuildTransferFunctionScriptingTraits (0ms)
			SetupTypeCache (719ms)
			ReleaseScriptCaches (3ms)
			RebuildScriptCaches (91ms)
			SetupLoadedEditorAssemblies (1181ms)
				LogAssemblyErrors (0ms)
				InitializePlatformSupportModulesInManaged (14ms)
				SetLoadedEditorAssemblies (1ms)
				RefreshPlugins (2ms)
				BeforeProcessingInitializeOnLoad (125ms)
				ProcessInitializeOnLoadAttributes (968ms)
				ProcessInitializeOnLoadMethodAttributes (54ms)
				AfterProcessingInitializeOnLoad (18ms)
				EditorAssembliesLoaded (0ms)
			ExecutionOrderSort2 (0ms)
			AwakeInstancesAfterBackupRestoration (19ms)
Platform modules already initialized, skipping
Refreshing native plugins compatible for Editor in 18.71 ms, found 3 plugins.
Preloading 0 native plugins for Editor in 0.00 ms.
Unloading 2999 Unused Serialized files (Serialized files now loaded: 0)
Unloading 15 unused Assets / (24.7 KB). Loaded Objects now: 3576.
Memory consumption went from 110.7 MB to 110.6 MB.
Total: 7.241100 ms (FindLiveObjects: 0.988500 ms CreateObjectMapping: 0.540900 ms MarkObjects: 5.651600 ms  DeleteObjects: 0.057900 ms)

AssetImportParameters requested are different than current active one (requested -> active):
  custom:video-decoder-ogg-theora: a1e56fd34408186e4bbccfd4996cb3dc -> 
  custom:container-muxer-webm: aa71ff27fc2769a1b78a27578f13a17b -> 
  custom:container-demuxer-webm: 4f35f7cbe854078d1ac9338744f61a02 -> 
  custom:video-encoder-webm-vp8: eb34c28f22e8b96e1ab97ce403110664 -> 
  custom:audio-encoder-webm-vorbis: bf7c407c2cedff20999df2af8eb42d56 -> 
  custom:framework-win-MediaFoundation: 216162199b28c13a410421893ffa2e32 -> 
  custom:container-demuxer-ogg: 62fdf1f143b41e24485cea50d1cbac27 -> 
  custom:video-decoder-webm-vp8: 9c59270c3fd7afecdb556c50c9e8de78 -> 
  custom:audio-decoder-ogg-vorbis: bf7c407c2cedff20999df2af8eb42d56 -> 
========================================================================
Received Prepare
Registering precompiled user dll's ...
Registered in 0.012975 seconds.
Begin MonoManager ReloadAssembly
Symbol file LoadedFromMemory doesn't match image C:\FlappyBirdGitHub\FlappyBird\flappy\Library\PackageCache\com.unity.visualscripting@1.8.0\Editor\VisualScripting.Core\Dependencies\YamlDotNet\Unity.VisualScripting.YamlDotNet.dll
Symbol file LoadedFromMemory doesn't match image C:\FlappyBirdGitHub\FlappyBird\flappy\Library\PackageCache\com.unity.visualscripting@1.8.0\Editor\VisualScripting.Core\Dependencies\DotNetZip\Unity.VisualScripting.IonicZip.dll
Native extension for WindowsStandalone target not found
Refreshing native plugins compatible for Editor in 1.61 ms, found 3 plugins.
Preloading 0 native plugins for Editor in 0.00 ms.
Mono: successfully reloaded assembly
- Completed reload, in  2.683 seconds
Domain Reload Profiling:
	ReloadAssembly (2685ms)
		BeginReloadAssembly (435ms)
			ExecutionOrderSort (0ms)
			DisableScriptedObjects (11ms)
			BackupInstance (0ms)
			ReleaseScriptingObjects (0ms)
			CreateAndSetChildDomain (95ms)
		EndReloadAssembly (1955ms)
			LoadAssemblies (355ms)
			RebuildTransferFunctionScriptingTraits (0ms)
			SetupTypeCache (664ms)
			ReleaseScriptCaches (3ms)
			RebuildScriptCaches (93ms)
			SetupLoadedEditorAssemblies (874ms)
				LogAssemblyErrors (0ms)
				InitializePlatformSupportModulesInManaged (12ms)
				SetLoadedEditorAssemblies (1ms)
				RefreshPlugins (2ms)
				BeforeProcessingInitializeOnLoad (129ms)
				ProcessInitializeOnLoadAttributes (673ms)
				ProcessInitializeOnLoadMethodAttributes (39ms)
				AfterProcessingInitializeOnLoad (17ms)
				EditorAssembliesLoaded (0ms)
			ExecutionOrderSort2 (0ms)
			AwakeInstancesAfterBackupRestoration (23ms)
Platform modules already initialized, skipping
Refreshing native plugins compatible for Editor in 4.27 ms, found 3 plugins.
Preloading 0 native plugins for Editor in 0.00 ms.
Unloading 2999 Unused Serialized files (Serialized files now loaded: 0)
Unloading 15 unused Assets / (24.7 KB). Loaded Objects now: 3579.
Memory consumption went from 110.7 MB to 110.6 MB.
Total: 6.512400 ms (FindLiveObjects: 0.861000 ms CreateObjectMapping: 0.250200 ms MarkObjects: 5.340100 ms  DeleteObjects: 0.058900 ms)

AssetImportParameters requested are different than current active one (requested -> active):
  custom:video-decoder-ogg-theora: a1e56fd34408186e4bbccfd4996cb3dc -> 
  custom:container-muxer-webm: aa71ff27fc2769a1b78a27578f13a17b -> 
  custom:container-demuxer-webm: 4f35f7cbe854078d1ac9338744f61a02 -> 
  custom:video-encoder-webm-vp8: eb34c28f22e8b96e1ab97ce403110664 -> 
  custom:audio-encoder-webm-vorbis: bf7c407c2cedff20999df2af8eb42d56 -> 
  custom:framework-win-MediaFoundation: 216162199b28c13a410421893ffa2e32 -> 
  custom:container-demuxer-ogg: 62fdf1f143b41e24485cea50d1cbac27 -> 
  custom:video-decoder-webm-vp8: 9c59270c3fd7afecdb556c50c9e8de78 -> 
  custom:audio-decoder-ogg-vorbis: bf7c407c2cedff20999df2af8eb42d56 -> 
========================================================================
Received Prepare
Registering precompiled user dll's ...
Registered in 0.011767 seconds.
Begin MonoManager ReloadAssembly
Symbol file LoadedFromMemory doesn't match image C:\FlappyBirdGitHub\FlappyBird\flappy\Library\PackageCache\com.unity.visualscripting@1.8.0\Editor\VisualScripting.Core\Dependencies\YamlDotNet\Unity.VisualScripting.YamlDotNet.dll
Symbol file LoadedFromMemory doesn't match image C:\FlappyBirdGitHub\FlappyBird\flappy\Library\PackageCache\com.unity.visualscripting@1.8.0\Editor\VisualScripting.Core\Dependencies\DotNetZip\Unity.VisualScripting.IonicZip.dll
Native extension for WindowsStandalone target not found
Refreshing native plugins compatible for Editor in 4.22 ms, found 3 plugins.
Preloading 0 native plugins for Editor in 0.00 ms.
Mono: successfully reloaded assembly
- Completed reload, in  3.527 seconds
Domain Reload Profiling:
	ReloadAssembly (3530ms)
		BeginReloadAssembly (486ms)
			ExecutionOrderSort (0ms)
			DisableScriptedObjects (24ms)
			BackupInstance (0ms)
			ReleaseScriptingObjects (0ms)
			CreateAndSetChildDomain (106ms)
		EndReloadAssembly (2683ms)
			LoadAssemblies (362ms)
			RebuildTransferFunctionScriptingTraits (0ms)
			SetupTypeCache (753ms)
			ReleaseScriptCaches (3ms)
			RebuildScriptCaches (151ms)
			SetupLoadedEditorAssemblies (1341ms)
				LogAssemblyErrors (0ms)
				InitializePlatformSupportModulesInManaged (21ms)
				SetLoadedEditorAssemblies (3ms)
				RefreshPlugins (5ms)
				BeforeProcessingInitializeOnLoad (215ms)
				ProcessInitializeOnLoadAttributes (998ms)
				ProcessInitializeOnLoadMethodAttributes (71ms)
				AfterProcessingInitializeOnLoad (28ms)
				EditorAssembliesLoaded (1ms)
			ExecutionOrderSort2 (0ms)
			AwakeInstancesAfterBackupRestoration (34ms)
Platform modules already initialized, skipping
Refreshing native plugins compatible for Editor in 11.16 ms, found 3 plugins.
Preloading 0 native plugins for Editor in 0.00 ms.
Unloading 2999 Unused Serialized files (Serialized files now loaded: 0)
Unloading 15 unused Assets / (24.7 KB). Loaded Objects now: 3582.
Memory consumption went from 110.7 MB to 110.6 MB.
Total: 10.926500 ms (FindLiveObjects: 1.961300 ms CreateObjectMapping: 1.317900 ms MarkObjects: 7.561900 ms  DeleteObjects: 0.082900 ms)

AssetImportParameters requested are different than current active one (requested -> active):
  custom:video-decoder-ogg-theora: a1e56fd34408186e4bbccfd4996cb3dc -> 
  custom:container-muxer-webm: aa71ff27fc2769a1b78a27578f13a17b -> 
  custom:container-demuxer-webm: 4f35f7cbe854078d1ac9338744f61a02 -> 
  custom:video-encoder-webm-vp8: eb34c28f22e8b96e1ab97ce403110664 -> 
  custom:audio-encoder-webm-vorbis: bf7c407c2cedff20999df2af8eb42d56 -> 
  custom:framework-win-MediaFoundation: 216162199b28c13a410421893ffa2e32 -> 
  custom:container-demuxer-ogg: 62fdf1f143b41e24485cea50d1cbac27 -> 
  custom:video-decoder-webm-vp8: 9c59270c3fd7afecdb556c50c9e8de78 -> 
  custom:audio-decoder-ogg-vorbis: bf7c407c2cedff20999df2af8eb42d56 -> 
========================================================================
Received Prepare
Registering precompiled user dll's ...
Registered in 0.018826 seconds.
Begin MonoManager ReloadAssembly
Symbol file LoadedFromMemory doesn't match image C:\FlappyBirdGitHub\FlappyBird\flappy\Library\PackageCache\com.unity.visualscripting@1.8.0\Editor\VisualScripting.Core\Dependencies\YamlDotNet\Unity.VisualScripting.YamlDotNet.dll
Symbol file LoadedFromMemory doesn't match image C:\FlappyBirdGitHub\FlappyBird\flappy\Library\PackageCache\com.unity.visualscripting@1.8.0\Editor\VisualScripting.Core\Dependencies\DotNetZip\Unity.VisualScripting.IonicZip.dll
Native extension for WindowsStandalone target not found
Refreshing native plugins compatible for Editor in 1.90 ms, found 3 plugins.
Preloading 0 native plugins for Editor in 0.00 ms.
Mono: successfully reloaded assembly
- Completed reload, in  3.183 seconds
Domain Reload Profiling:
	ReloadAssembly (3185ms)
		BeginReloadAssembly (319ms)
			ExecutionOrderSort (0ms)
			DisableScriptedObjects (11ms)
			BackupInstance (0ms)
			ReleaseScriptingObjects (0ms)
			CreateAndSetChildDomain (70ms)
		EndReloadAssembly (2602ms)
			LoadAssemblies (235ms)
			RebuildTransferFunctionScriptingTraits (0ms)
			SetupTypeCache (705ms)
			ReleaseScriptCaches (7ms)
			RebuildScriptCaches (154ms)
			SetupLoadedEditorAssemblies (1350ms)
				LogAssemblyErrors (0ms)
				InitializePlatformSupportModulesInManaged (19ms)
				SetLoadedEditorAssemblies (1ms)
				RefreshPlugins (2ms)
				BeforeProcessingInitializeOnLoad (179ms)
				ProcessInitializeOnLoadAttributes (1048ms)
				ProcessInitializeOnLoadMethodAttributes (72ms)
				AfterProcessingInitializeOnLoad (28ms)
				EditorAssembliesLoaded (1ms)
			ExecutionOrderSort2 (0ms)
			AwakeInstancesAfterBackupRestoration (36ms)
Platform modules already initialized, skipping
Refreshing native plugins compatible for Editor in 6.03 ms, found 3 plugins.
Preloading 0 native plugins for Editor in 0.00 ms.
Unloading 2999 Unused Serialized files (Serialized files now loaded: 0)
Unloading 15 unused Assets / (24.7 KB). Loaded Objects now: 3585.
Memory consumption went from 110.7 MB to 110.6 MB.
Total: 10.994600 ms (FindLiveObjects: 1.367100 ms CreateObjectMapping: 0.505300 ms MarkObjects: 9.020400 ms  DeleteObjects: 0.098300 ms)

AssetImportParameters requested are different than current active one (requested -> active):
  custom:video-decoder-ogg-theora: a1e56fd34408186e4bbccfd4996cb3dc -> 
  custom:container-muxer-webm: aa71ff27fc2769a1b78a27578f13a17b -> 
  custom:container-demuxer-webm: 4f35f7cbe854078d1ac9338744f61a02 -> 
  custom:video-encoder-webm-vp8: eb34c28f22e8b96e1ab97ce403110664 -> 
  custom:audio-encoder-webm-vorbis: bf7c407c2cedff20999df2af8eb42d56 -> 
  custom:framework-win-MediaFoundation: 216162199b28c13a410421893ffa2e32 -> 
  custom:container-demuxer-ogg: 62fdf1f143b41e24485cea50d1cbac27 -> 
  custom:video-decoder-webm-vp8: 9c59270c3fd7afecdb556c50c9e8de78 -> 
  custom:audio-decoder-ogg-vorbis: bf7c407c2cedff20999df2af8eb42d56 -> 
